Gender_Code,Work_Schedule_Code,Age_range_Code,Household_type_code,Life_satisfaction,Isolation_score,Social_support_score,Housing_tenure_group_code,Income_Code,imd_decile,green_space_pct,park_distance_m,crime_rate_per_1000
2,9,8,5,7,1,2,4,4,8,85.4,348.2556848,64.46313682
1,2,9,2,8,2,2,5,3,5,93.9,674.7629061,61.22939836
3,6,1,3,6,2,2,8,0,5,96.4,221.5735411,89.33622132
1,2,10,2,9,2,1,5,4,6,84.3,209.5898145,112.8953553
1,7,6,5,7,2,2,2,0,6,90.4,199.8929388,81.460788
2,3,6,4,8,1,2,5,5,6,29.7,251.602269,96.79696038
1,2,7,5,8,2,2,5,3,7,94.2,287.7984998,78.28836493
1,3,9,1,8,0,2,4,5,2,84.9,238.6198735,107.0192611
1,3,5,5,9,0,2,5,5,9,89.5,337.9697387,59.12433069
1,2,3,4,7,2,2,5,4,5,66.2,408.9015291,75.01260027
2,2,8,1,8,0,0,4,3,1,83.6,557.9546814,92.56137265
1,2,5,4,9,0,2,2,5,3,55.7,313.6281544,102.9492058
1,2,3,3,8,0,2,2,5,4,72.8,192.1284982,127.4397297
1,2,4,2,7,1,2,3,3,3,67.8,879.1669964,87.80214462
1,2,5,5,8,0,2,2,4,10,92.9,452.5629203,64.10579525
1,2,3,4,8,0,1,2,4,4,93.8,203.8307111,93.94595065
1,5,10,1,7,2,2,4,5,9,81.6,424.4852207,78.28836493
1,3,7,5,10,0,1,5,5,9,73.4,265.4326667,71.52628694
1,2,3,2,8,1,1,4,3,6,94.9,646.4132979,89.33622132
2,2,3,3,7,2,2,2,3,3,82.2,250.1756512,121.6670744
1,2,7,5,9,2,1,5,0,7,83.5,478.9911174,110.3108459
1,8,2,3,5,2,2,7,2,4,93.4,205.8874095,82.92437534
1,2,6,1,7,2,1,5,0,10,95.2,1188.004894,61.22939836
0,3,10,2,5,2,2,4,2,5,65.7,302.3541312,121.6670744
1,2,3,1,9,1,2,2,2,1,86.5,375.4397862,89.33622132
2,3,10,4,10,1,2,3,2,2,63.8,310.18823,106.554188
2,2,5,3,6,2,1,2,1,2,67.0,902.9186947,73.10062573
2,2,3,3,3,2,2,2,4,5,90.1,659.2398354,161.7785752
1,9,3,5,10,0,2,2,0,4,88.0,566.555378,75.01260027
1,2,6,6,5,2,2,2,1,8,77.5,220.8761869,64.7356604
1,2,4,3,8,0,2,2,5,2,42.2,285.2304662,106.554188
1,2,3,1,8,1,1,2,2,4,86.0,285.9620554,102.9492058
1,2,2,3,7,2,2,2,4,4,91.5,533.0982935,107.0192611
1,9,3,6,7,2,2,3,1,5,80.1,217.2005439,107.0192611
1,2,5,5,6,2,2,3,3,2,77.6,281.0933161,69.34413948
1,2,4,1,6,0,2,2,4,8,69.3,586.4488115,71.52628694
2,3,7,3,4,2,2,2,2,8,63.9,337.5618841,71.52628694
1,2,4,3,8,2,2,2,5,5,87.5,347.5585172,89.33622132
1,3,2,1,8,2,1,2,1,2,75.0,182.5117189,82.92437534
1,3,4,5,8,2,2,5,5,4,79.1,489.4121318,82.92437534
1,2,6,1,9,0,2,5,5,5,84.6,495.2079817,71.52628694
2,3,3,3,4,2,0,2,3,3,76.6,186.3648458,110.3108459
2,5,12,1,7,2,1,4,1,4,93.9,261.5263798,102.9492058
2,2,3,4,8,2,1,1,4,3,70.5,176.4223562,106.554188
1,2,5,1,9,2,2,5,4,8,39.8,209.305753,372.933205
1,2,10,4,8,2,2,3,2,6,85.6,390.6371253,161.7785752
1,2,3,1,6,2,2,2,3,3,83.3,313.4991137,161.7785752
2,2,3,1,7,2,2,2,4,5,81.1,261.2882823,93.94595065
1,2,8,5,4,2,1,2,4,6,69.2,540.8561438,92.56137265
1,5,9,4,9,0,2,4,1,5,86.8,551.627162,59.12433069
2,2,5,4,6,2,2,3,3,4,94.7,594.9427249,102.9492058
1,2,8,4,5,2,2,3,2,2,79.5,196.7858868,92.56137265
1,7,4,2,3,2,2,3,1,2,89.1,156.4309,106.554188
2,2,8,2,6,2,2,5,5,8,94.0,365.1317189,61.22939836
1,2,5,4,8,2,2,5,5,6,80.1,521.6443942,82.92437534
1,2,3,1,7,2,2,5,4,5,75.7,557.9557642,77.02625332
1,2,8,2,9,1,2,5,3,6,28.8,234.7900967,112.8953553
1,9,5,5,9,0,2,2,5,5,90.4,199.8929388,81.460788
2,2,5,4,7,2,1,5,5,3,55.9,209.5139229,75.01260027
0,3,4,5,10,1,2,0,0,6,87.2,186.6749724,96.79696038
1,3,5,5,9,1,2,2,2,5,93.2,474.1098868,93.94595065
1,2,5,1,8,1,2,5,5,4,65.5,246.2140049,127.4397297
1,3,4,5,10,0,2,5,5,2,91.9,443.9357978,59.12433069
1,2,3,3,8,0,1,5,4,2,86.2,238.4656339,107.0192611
3,7,2,4,7,2,2,1,1,9,99.1,273.946818,64.7356604
1,2,5,5,9,1,2,5,5,4,93.9,252.7094037,82.92437534
1,2,2,2,8,2,2,2,3,2,48.2,272.7341456,106.554188
2,3,7,2,7,2,2,4,4,8,93.9,331.8067901,78.28836493
1,2,8,1,8,0,2,4,5,6,78.4,561.7243604,110.3108459
1,3,5,5,8,2,2,3,2,2,89.1,400.9947078,81.460788
1,7,9,4,7,2,1,3,0,4,93.4,190.4754795,102.9492058
2,4,3,3,8,2,2,2,3,5,66.0,294.2263877,113.5974039
1,2,3,3,7,0,2,2,3,3,19.8,312.8679601,127.4397297
1,2,5,6,9,2,2,5,5,3,78.5,258.8066748,127.4397297
1,6,2,3,6,2,1,8,0,4,69.6,203.7924603,112.8953553
2,5,10,2,9,0,2,4,3,5,83.0,659.0337097,64.46313682
2,2,7,1,8,2,2,4,1,5,78.2,491.4274889,96.79696038
2,2,5,5,6,2,2,5,5,4,89.4,293.9610116,93.94595065
1,9,4,5,7,2,2,2,3,9,89.2,361.6728254,64.10579525
2,6,2,3,5,2,0,8,0,2,89.4,407.033161,102.9492058
2,2,5,4,5,2,2,2,0,8,79.1,622.7682568,64.10579525
1,2,3,1,9,1,2,2,5,5,48.2,272.7341456,106.554188
1,3,10,2,7,1,2,1,3,3,82.0,258.8864942,77.02625332
1,3,5,5,9,0,2,5,1,2,87.0,444.835855,73.74327005
1,2,2,3,8,0,2,2,5,6,60.4,166.2824342,107.0192611
2,7,8,4,3,2,1,2,1,5,57.5,167.3391426,106.554188
1,2,6,5,9,1,2,5,5,9,90.7,209.4413019,81.460788
1,3,6,4,4,2,2,4,2,7,72.8,192.1284982,127.4397297
1,3,11,4,7,2,2,5,3,10,96.6,454.2983688,71.52628694
1,7,10,1,6,1,1,3,1,8,96.0,447.1174424,64.46313682
2,2,5,6,8,1,0,1,1,5,32.8,240.7753592,161.7785752
1,9,4,5,5,2,2,0,0,6,93.4,513.1842981,69.34413948
2,5,11,1,8,2,2,4,5,8,89.2,361.6728254,64.10579525
1,2,2,3,9,0,2,2,0,4,82.0,264.3229675,127.4397297
1,2,6,6,1,2,1,1,2,5,90.2,360.3959185,81.460788
2,8,2,3,4,2,2,6,0,3,79.8,295.7323768,110.3108459
3,3,4,3,6,2,1,2,0,1,80.9,154.0714734,112.8953553
2,2,5,4,7,2,2,1,3,3,48.2,248.3574909,372.933205
1,8,9,1,9,0,2,4,5,7,87.3,578.6153528,372.933205
1,9,6,5,9,0,2,2,5,7,66.2,230.5767612,75.01260027
1,2,4,1,10,0,2,5,5,7,84.3,449.5503527,107.0192611
2,2,3,4,7,2,1,2,3,8,79.8,225.2410347,96.79696038
1,2,7,5,7,2,2,2,0,8,93.0,238.395493,144.3589814
2,3,7,3,6,2,2,2,0,2,29.9,320.0387026,121.6670744
1,7,3,4,1,2,1,2,1,5,87.6,296.2050552,69.34413948
2,2,6,5,7,0,2,4,5,7,82.5,236.0967296,71.52628694
1,2,9,4,7,1,2,5,2,3,94.3,432.6012683,93.94595065
2,2,4,1,9,1,2,5,5,4,86.6,416.2383848,78.28836493
1,5,10,1,8,0,2,4,2,9,98.1,405.6412353,64.46313682
1,2,9,5,8,2,2,5,5,9,93.9,428.7586748,59.12433069
2,2,5,4,8,2,1,5,5,3,82.2,341.1166595,89.33622132
2,2,3,1,7,2,2,1,1,4,79.9,260.8400465,161.7785752
2,2,7,4,7,0,2,4,5,8,65.6,445.4240359,87.80214462
2,2,10,5,9,1,2,4,3,6,70.1,205.5159355,71.52628694
1,9,4,5,8,1,1,2,2,5,73.8,258.6382155,82.92437534
1,2,3,3,8,0,2,2,1,5,61.3,118.9556881,106.554188
1,3,5,6,4,2,2,1,1,6,90.6,407.0761979,107.0192611
1,2,4,1,9,2,1,2,0,9,15.9,267.3949662,106.554188
1,5,11,1,9,2,2,4,2,4,76.4,435.2686482,85.64933259
1,2,5,5,8,1,1,5,5,1,62.8,292.7309746,121.6670744
1,3,6,5,9,0,2,5,5,10,93.1,418.5896973,77.02625332
1,2,5,5,7,1,2,1,4,3,94.4,440.8991517,110.3108459
1,9,5,5,9,0,2,5,5,2,91.6,503.8288408,96.79696038
0,2,6,5,6,0,2,1,0,6,68.6,176.2686073,121.6670744
2,3,3,5,9,0,2,5,2,5,95.1,341.0629634,82.92437534
2,3,6,5,9,0,2,5,5,9,95.3,243.8026229,112.8953553
1,8,5,6,5,2,2,2,1,6,76.9,222.5971968,81.460788
1,2,2,1,10,0,2,2,1,2,91.2,402.4164668,102.9492058
1,2,5,4,8,2,2,5,5,5,70.1,205.5159355,71.52628694
2,10,2,2,7,2,2,1,0,3,57.7,138.2928694,112.8953553
2,7,5,1,5,2,2,6,2,8,39.8,209.305753,372.933205
1,3,10,3,8,2,2,5,2,7,64.4,181.6033787,106.554188
1,3,9,1,5,2,2,5,2,9,94.2,259.3415528,77.02625332
1,3,5,4,4,2,2,2,1,3,76.1,415.0243172,127.4397297
1,3,5,5,10,0,2,5,4,6,96.4,504.5082864,64.7356604
1,2,3,4,7,1,1,4,5,5,86.3,271.6682937,96.79696038
1,2,7,6,7,1,2,5,1,9,89.9,256.5943745,87.80214462
1,2,4,1,7,2,2,2,4,7,89.9,241.9406364,110.3108459
2,2,8,4,8,1,2,4,5,4,79.9,260.8400465,161.7785752
1,2,7,4,5,2,2,2,2,6,78.2,388.9270424,73.10062573
1,2,5,6,1,2,1,3,3,3,94.9,587.1728851,93.94595065
3,5,9,3,7,2,1,2,0,4,94.9,587.1728851,93.94595065
1,2,3,1,8,2,1,5,4,2,57.5,228.9152562,112.8953553
1,7,4,6,4,2,1,5,2,2,88.0,734.6394368,69.34413948
2,7,6,4,10,0,0,2,1,3,94.4,356.0865478,87.80214462
1,2,5,1,10,0,2,0,5,4,36.1,231.9022499,106.554188
2,2,5,4,7,2,2,5,0,2,83.1,478.3343071,93.94595065
2,8,9,1,7,2,2,1,0,5,39.5,247.7371591,89.33622132
2,2,4,5,9,1,2,2,5,3,79.9,260.8400465,161.7785752
1,5,14,4,8,1,2,4,3,8,87.2,180.0437419,110.3108459
1,5,10,4,8,1,2,4,0,4,75.3,303.8056881,93.94595065
1,3,6,5,8,0,2,4,5,6,84.3,209.5898145,112.8953553
2,2,11,1,5,2,2,4,1,2,76.9,287.6973546,85.64933259
2,2,3,2,4,2,2,2,5,2,20.8,191.5685459,161.7785752
1,3,4,1,7,0,1,2,2,4,87.5,271.3382244,372.933205
1,7,6,6,6,2,2,2,1,7,79.7,256.3313624,64.10579525
1,2,4,1,9,2,2,2,5,3,49.3,165.0903549,106.554188
1,3,8,2,8,0,2,2,0,7,83.7,295.4623519,78.28836493
1,3,7,4,3,2,2,3,1,3,93.4,435.3831402,82.92437534
1,2,4,2,8,0,2,5,4,5,97.6,618.8234725,73.74327005
2,2,5,5,7,1,2,2,4,10,81.7,295.710416,59.12433069
1,2,4,1,8,2,2,2,4,3,78.6,360.3948293,161.7785752
1,2,7,5,6,2,1,3,2,3,62.1,220.5507783,93.94595065
1,3,8,4,6,2,1,2,1,9,88.8,289.9662852,85.64933259
2,2,5,5,9,1,2,2,0,3,91.4,419.7221256,96.13295825
1,3,6,6,8,0,1,3,2,5,85.0,138.0746187,106.554188
1,8,6,5,4,2,2,1,1,4,63.0,457.4045969,75.01260027
1,2,6,5,8,0,2,5,5,5,88.0,238.8750429,107.0192611
2,2,6,5,6,1,2,2,4,3,94.5,358.2562765,110.3108459
2,5,12,2,9,0,2,4,0,3,78.0,249.4424465,93.94595065
1,2,4,6,7,0,2,1,1,1,82.2,539.7164986,89.33622132
1,3,4,5,6,2,1,2,1,5,89.2,340.7671215,107.0192611
1,2,2,5,9,2,1,6,3,3,88.4,432.918309,87.80214462
1,2,3,1,5,0,1,2,4,7,91.6,1192.010409,77.02625332
2,8,7,4,7,2,0,3,1,2,86.5,506.8120876,144.3589814
1,2,7,5,8,1,2,4,5,5,94.3,279.5283645,59.12433069
1,2,6,5,5,2,1,4,4,4,65.6,445.4240359,87.80214462
1,8,3,4,3,2,2,3,1,4,56.7,296.8690482,64.10579525
2,2,8,5,7,0,2,4,5,6,69.3,586.4488115,71.52628694
1,2,9,4,6,1,2,1,3,3,65.3,216.8174914,107.0192611
2,3,8,5,7,2,2,2,3,7,69.2,540.8561438,92.56137265
1,2,3,3,6,2,1,6,5,3,89.2,340.7671215,107.0192611
1,5,12,1,8,0,2,4,3,8,87.5,414.0255496,64.7356604
1,9,4,5,9,2,2,2,1,6,91.9,443.9357978,59.12433069
1,3,5,5,8,2,2,4,4,3,93.4,205.8874095,82.92437534
1,4,7,5,4,0,1,4,2,7,95.2,722.9293734,61.22939836
1,9,4,6,8,2,2,2,3,2,65.3,216.8174914,107.0192611
1,2,4,1,3,1,1,5,4,4,90.1,466.077237,64.46313682
1,2,5,2,8,2,2,0,0,6,89.5,243.8631174,64.7356604
1,7,4,5,6,2,2,1,1,2,20.8,191.5685459,161.7785752
1,2,5,5,3,1,2,5,0,3,69.6,203.7924603,112.8953553
1,2,4,5,9,1,2,5,5,6,77.0,479.5016372,75.01260027
1,2,3,3,7,2,1,2,0,5,87.2,211.0273131,82.92437534
1,3,9,2,9,1,2,4,5,8,89.6,917.0347845,69.34413948
1,3,3,3,8,0,2,2,3,3,86.0,377.2491965,127.4397297
1,9,4,2,5,2,1,3,0,2,57.7,235.5808183,161.7785752
1,2,2,3,8,2,2,2,2,4,81.2,313.0249985,89.33622132
1,3,6,1,5,0,1,5,5,8,87.0,374.2086874,75.01260027
1,2,3,3,8,0,2,2,5,4,29.9,320.0387026,121.6670744
1,8,4,5,3,2,0,5,0,3,82.7,496.9941142,92.56137265
1,2,4,4,6,2,2,3,2,2,77.0,308.6802522,110.3108459
1,4,5,6,7,2,1,5,2,5,47.0,358.4976159,87.80214462
1,2,5,1,7,2,2,4,4,3,76.9,287.6973546,85.64933259
1,2,6,4,6,2,2,5,3,10,69.4,333.1562427,69.34413948
1,3,8,5,8,0,2,0,2,4,93.6,163.4975662,110.3108459
1,2,6,5,5,0,1,1,3,3,67.0,441.4519395,102.9492058
1,2,3,4,4,2,2,5,5,6,78.6,415.670398,71.52628694
1,8,6,4,8,2,1,1,1,4,71.8,171.0380714,110.3108459
1,4,5,1,7,1,0,2,2,2,42.2,285.2304662,106.554188
1,6,2,3,9,2,2,2,1,4,87.5,271.3382244,372.933205
1,2,3,1,4,2,1,2,3,6,75.8,208.1437863,121.6670744
1,2,7,1,8,0,2,1,0,5,97.8,559.3450235,73.74327005
2,2,6,4,10,0,1,5,1,3,92.4,423.6518216,102.9492058
0,3,5,3,7,2,2,2,3,4,85.2,356.1693011,113.5974039
1,3,5,5,8,2,2,5,5,8,88.1,442.0001258,107.0192611
2,2,3,4,9,0,2,8,1,6,83.4,430.4022766,144.3589814
1,5,11,4,8,0,2,4,4,5,86.3,271.6682937,96.79696038
1,5,9,2,4,0,2,5,2,6,83.5,478.9911174,110.3108459
2,2,5,1,5,1,1,2,5,7,81.5,971.8237914,61.22939836
2,7,3,3,4,2,2,6,0,2,77.1,408.696074,96.79696038
1,2,7,5,10,0,2,5,0,6,88.0,425.9581141,110.3108459
2,3,4,1,5,1,2,2,2,2,86.2,238.4656339,107.0192611
1,6,3,3,8,1,1,2,2,7,87.4,720.128059,113.5974039
2,4,9,4,7,2,2,2,1,3,82.7,451.5522029,89.33622132
1,2,4,3,8,2,2,2,0,2,84.7,207.7980538,93.94595065
1,2,10,1,8,2,2,4,3,10,95.6,422.6251898,69.34413948
1,2,4,3,7,2,2,2,4,2,42.2,285.2304662,106.554188
1,8,8,6,5,2,2,3,1,7,80.9,359.0418989,93.94595065
1,2,7,5,9,2,2,2,4,10,82.9,651.0084435,61.22939836
1,3,5,5,10,0,2,5,0,4,82.1,348.0206338,71.52628694
1,7,2,6,7,2,2,3,1,3,65.8,465.2893145,64.46313682
1,9,4,5,7,2,2,4,1,1,82.4,304.0914946,64.10579525
1,3,3,1,7,2,2,2,1,7,82.5,236.0967296,71.52628694
1,2,6,3,9,1,2,4,4,5,85.5,234.4239849,113.5974039
2,2,5,5,2,0,1,5,5,10,82.9,240.109121,59.12433069
2,8,2,3,5,2,1,3,1,2,71.5,148.0816264,121.6670744
1,7,5,1,5,2,2,2,0,2,94.7,199.5284734,93.94595065
2,3,5,4,9,1,1,2,4,4,70.6,150.3721995,112.8953553
1,9,3,5,10,1,1,3,3,8,78.3,601.652503,85.64933259
2,2,5,1,8,0,2,5,5,5,78.2,388.9270424,73.10062573
1,2,3,3,8,2,1,2,0,3,93.7,557.0235265,121.6670744
1,2,2,1,8,0,1,2,4,8,86.3,419.1373612,110.3108459
1,5,10,4,6,2,1,2,3,8,65.6,445.4240359,87.80214462
1,2,2,6,6,2,1,3,2,3,62.8,178.1234453,121.6670744
2,2,8,4,6,1,1,3,2,6,90.6,699.9594317,82.92437534
1,2,4,1,8,0,1,2,0,3,73.5,223.5849187,107.0192611
1,3,4,5,9,0,2,5,3,3,84.4,616.0567504,77.02625332
1,2,2,2,8,0,2,4,0,6,84.3,449.5503527,107.0192611
1,3,5,6,8,2,2,2,2,3,93.8,270.8615367,96.79696038
2,2,5,1,8,0,2,5,5,4,88.3,241.8248561,110.3108459
2,3,3,3,6,2,2,2,0,8,75.7,557.9557642,77.02625332
1,2,4,1,8,2,2,2,3,6,83.4,366.3997512,71.52628694
1,3,5,5,8,1,2,5,0,4,84.9,862.4856547,61.22939836
1,3,8,4,8,1,2,5,3,4,81.1,261.2882823,93.94595065
1,3,5,5,7,0,2,5,5,7,71.9,304.440093,71.52628694
2,2,7,5,7,2,2,4,5,5,87.2,735.8720486,96.79696038
2,3,10,4,9,1,2,4,1,5,69.7,225.5575184,121.6670744
1,2,3,3,8,0,2,5,2,2,35.8,406.4771433,372.933205
1,9,4,5,7,1,1,2,5,2,75.6,466.4038466,96.79696038
1,2,5,5,8,2,0,3,3,4,86.5,219.2024218,127.4397297
2,2,3,1,6,1,2,2,4,7,79.1,622.7682568,64.10579525
1,9,3,1,3,0,2,3,5,2,82.1,273.1457849,121.6670744
1,2,8,4,6,2,2,5,2,2,71.5,148.0816264,121.6670744
2,2,4,1,8,1,2,5,5,2,55.7,313.6281544,102.9492058
1,2,5,4,9,2,2,4,4,4,51.4,578.5387154,161.7785752
2,2,3,2,6,2,1,0,0,3,56.8,273.105102,93.94595065
1,5,11,1,8,0,2,4,0,8,93.2,460.1975814,73.74327005
1,2,4,4,8,0,1,2,4,2,72.8,285.7571366,87.80214462
3,7,4,1,7,1,2,2,5,3,84.3,449.5503527,107.0192611
1,4,4,4,6,2,1,2,4,2,77.7,166.8381638,112.8953553
1,5,12,4,5,0,2,4,2,3,79.8,247.2901421,87.80214462
2,8,2,1,3,2,1,2,1,3,90.5,330.4398558,121.6670744
2,2,3,1,4,2,0,2,2,4,92.8,298.0391837,110.3108459
1,3,9,6,7,0,2,4,0,6,73.1,814.7140228,64.7356604
1,2,3,3,7,0,2,2,5,6,77.0,479.5016372,75.01260027
1,8,8,2,5,1,1,2,3,6,69.2,540.8561438,92.56137265
1,2,3,1,8,0,2,2,0,6,86.8,551.627162,59.12433069
1,3,6,5,6,2,1,5,5,8,94.3,279.5283645,59.12433069
1,3,5,1,10,2,2,3,3,5,83.0,669.8191652,89.33622132
2,2,4,1,8,1,2,2,5,3,55.7,313.6281544,102.9492058
1,2,4,3,4,2,1,2,3,3,65.7,302.3541312,121.6670744
1,2,7,1,7,1,2,5,5,4,84.7,207.7980538,93.94595065
2,2,8,5,10,0,2,5,5,9,73.3,782.5918817,71.52628694
2,2,4,6,8,2,2,2,2,1,66.0,234.076186,106.554188
1,7,5,3,7,1,2,2,2,3,67.9,156.9312955,106.554188
2,5,7,5,3,2,2,2,2,3,63.0,457.4045969,75.01260027
1,5,12,1,8,0,2,4,4,4,83.1,488.5110043,96.79696038
1,2,5,2,5,0,2,2,0,4,81.9,205.509999,81.460788
2,4,5,4,8,1,2,5,5,4,91.2,435.8042976,81.460788
1,4,7,4,5,2,2,0,0,2,63.5,350.3166793,107.0192611
1,7,5,5,5,2,2,2,1,6,89.1,400.9947078,81.460788
1,8,9,2,7,0,1,1,3,1,80.8,387.3530042,127.4397297
1,2,5,4,7,1,2,2,2,4,90.3,388.9405611,161.7785752
1,6,4,5,4,1,2,5,2,2,82.2,539.7164986,89.33622132
1,2,3,6,6,0,1,2,3,2,94.7,199.5284734,93.94595065
1,3,7,6,8,2,2,2,3,3,82.0,258.8864942,77.02625332
3,4,5,1,6,2,1,6,1,3,93.4,205.8874095,82.92437534
1,2,5,1,8,0,2,2,3,5,82.3,438.8981968,110.3108459
1,2,8,5,9,0,2,4,4,6,80.9,485.4272489,71.52628694
2,2,4,3,9,2,1,2,5,7,67.0,902.9186947,73.10062573
1,3,12,4,4,2,2,4,2,7,91.4,540.5728951,73.74327005
3,6,1,2,3,2,0,0,1,3,88.5,210.4077596,127.4397297
1,2,9,2,8,2,2,5,4,7,89.2,340.7671215,107.0192611
1,2,4,6,10,0,2,4,4,4,93.9,243.2854096,64.7356604
1,3,3,3,6,2,2,2,0,3,84.9,238.6198735,107.0192611
1,2,5,6,8,2,0,2,4,4,87.2,186.6749724,96.79696038
2,5,10,1,6,2,2,5,2,5,32.8,240.7753592,161.7785752
1,2,3,1,7,2,1,5,5,6,88.0,525.2892356,64.10579525
1,2,6,4,6,2,2,5,3,8,94.3,454.3773649,64.10579525
0,5,5,2,4,2,2,8,3,3,30.6,175.682866,127.4397297
1,2,8,6,7,0,2,4,0,7,96.7,591.5766522,75.01260027
1,2,6,5,5,2,1,5,4,3,88.1,555.7562383,89.33622132
1,2,6,5,9,1,2,2,0,10,96.1,578.1108645,64.7356604
1,2,5,3,4,2,0,2,3,4,86.2,238.4656339,107.0192611
1,2,9,5,6,0,2,4,5,6,91.0,269.7703135,127.4397297
1,9,4,5,9,0,2,5,4,4,90.1,466.077237,64.46313682
1,12,3,3,8,2,2,5,0,4,88.5,253.4019849,107.0192611
1,2,7,4,9,0,2,5,4,2,57.5,228.9152562,112.8953553
1,7,3,3,6,2,2,2,3,5,48.5,246.4931877,75.01260027
1,3,2,2,5,2,1,2,1,6,87.0,374.2086874,75.01260027
1,3,3,3,6,2,1,2,2,5,29.9,320.0387026,121.6670744
1,7,3,3,7,2,2,2,2,5,87.6,224.5906916,121.6670744
1,9,5,5,9,0,2,4,5,9,82.9,240.109121,59.12433069
1,8,4,6,8,1,1,2,2,4,93.5,356.7285953,89.33622132
2,2,5,4,10,0,0,2,2,2,70.5,171.9783644,107.0192611
1,2,4,1,9,0,2,5,5,6,78.3,271.2329503,96.79696038
1,8,8,5,5,2,2,2,0,5,89.4,151.178785,93.94595065
1,2,9,5,8,2,2,5,5,5,87.1,588.6223879,75.01260027
1,2,2,1,7,2,0,2,5,8,28.8,249.6176863,112.8953553
1,9,5,5,9,0,2,5,5,4,52.0,380.0074949,75.01260027
1,3,1,2,5,2,2,1,1,8,68.5,503.0448939,372.933205
1,3,2,2,8,2,2,2,2,8,85.6,514.791856,73.10062573
1,5,11,5,5,2,2,5,1,10,92.9,452.5629203,64.10579525
1,2,3,1,3,2,2,2,4,3,70.6,258.2009172,106.554188
2,2,4,1,8,0,2,5,3,3,97.0,264.3067567,82.92437534
1,2,10,2,8,2,2,1,2,4,57.5,167.3391426,106.554188
2,2,6,4,9,2,1,5,5,8,90.7,209.4413019,81.460788
1,8,7,6,2,2,1,1,1,4,56.7,296.8690482,64.10579525
2,2,4,5,9,0,2,5,5,6,60.7,581.1251651,61.22939836
1,2,4,1,7,2,2,5,5,9,87.3,320.5135889,71.52628694
2,8,3,4,8,1,1,2,1,3,91.2,428.2510822,102.9492058
1,2,6,5,7,2,2,5,5,5,84.7,207.7980538,93.94595065
1,3,9,1,9,0,2,0,5,10,89.7,429.8387092,161.7785752
1,2,3,1,8,2,2,5,4,6,78.2,388.9270424,73.10062573
1,2,3,1,10,1,2,2,2,4,91.5,365.4751907,81.460788
2,2,5,5,5,2,1,5,5,5,15.9,267.3949662,106.554188
2,2,9,4,8,0,2,4,5,6,38.4,336.0770795,372.933205
2,2,3,3,7,2,2,2,2,2,74.5,174.1819682,89.33622132
1,8,8,2,5,2,1,1,0,2,65.9,281.6429255,81.460788
1,3,7,2,6,2,2,0,2,3,96.6,538.7700054,92.56137265
1,8,8,4,5,2,1,2,1,9,96.3,368.6878,71.52628694
1,2,5,5,8,2,2,5,5,4,74.4,203.8065011,81.460788
2,2,5,5,7,2,2,2,2,2,65.4,359.261419,96.79696038
2,2,6,1,8,0,2,2,5,4,68.5,249.6918473,110.3108459
1,2,9,2,5,2,2,5,3,4,85.3,279.6337094,82.92437534
2,2,8,2,7,2,2,5,5,2,82.7,273.3212368,81.460788
2,2,5,5,8,2,2,5,0,9,98.0,380.1188067,64.46313682
1,6,1,2,10,2,1,4,4,9,92.8,649.0194566,69.34413948
1,3,8,5,5,1,2,5,0,9,96.7,331.2468311,81.460788
2,2,3,4,4,2,2,2,2,5,83.3,419.5143042,372.933205
1,2,2,2,6,0,2,3,0,2,79.5,398.7856089,102.9492058
1,3,3,3,8,2,1,2,0,5,84.3,209.5898145,112.8953553
1,8,9,2,3,2,1,2,1,6,91.0,350.4860176,81.460788
2,2,6,5,7,2,2,2,5,9,91.9,379.3188213,69.34413948
1,5,12,2,8,0,2,4,5,9,73.4,265.4326667,71.52628694
1,3,4,1,6,2,2,2,4,7,89.9,241.9406364,110.3108459
1,2,8,4,6,2,2,5,4,9,94.1,408.8610641,75.01260027
1,7,5,1,5,2,1,2,1,3,61.1,154.7604152,127.4397297
3,3,5,1,7,1,2,5,2,3,68.2,215.1849939,106.554188
1,2,7,4,8,1,1,2,0,6,90.9,431.9664867,110.3108459
1,3,6,5,7,2,2,5,5,9,79.1,622.7682568,64.10579525
1,2,3,3,7,2,2,6,0,7,96.4,504.5082864,64.7356604
1,2,7,6,7,2,1,2,3,9,92.8,649.0194566,69.34413948
2,2,5,3,5,2,1,2,3,5,92.4,244.8868506,113.5974039
1,2,5,5,8,0,2,5,5,3,89.4,151.178785,93.94595065
1,2,3,1,10,0,2,1,5,8,79.8,225.2410347,96.79696038
1,2,7,1,9,0,1,5,5,2,77.7,166.8381638,112.8953553
1,7,4,5,7,1,2,2,0,4,87.3,578.6153528,372.933205
1,3,6,5,6,2,2,4,1,2,78.8,154.3225881,106.554188
1,6,3,3,9,0,2,4,5,3,72.3,258.9498126,93.94595065
1,2,4,2,7,1,2,3,3,3,95.4,364.9575037,64.7356604
1,3,9,3,8,1,2,5,1,5,72.9,711.1346503,85.64933259
1,2,6,1,6,2,2,5,0,9,86.8,551.627162,59.12433069
1,2,6,5,7,2,2,5,4,1,81.6,280.3949863,121.6670744
1,2,3,3,5,2,2,2,2,7,66.5,411.0264496,113.5974039
1,2,7,5,8,2,1,5,5,9,83.7,410.3327899,71.52628694
1,7,3,4,6,2,2,1,4,6,39.3,150.6455461,161.7785752
2,2,5,1,8,2,2,2,3,4,89.4,151.178785,93.94595065
1,3,11,4,7,0,1,4,3,3,80.1,370.2069804,89.33622132
1,2,4,3,4,2,1,2,2,4,23.1,387.6253905,75.01260027
1,3,7,5,4,2,2,5,2,6,91.9,443.9357978,59.12433069
3,3,5,5,8,0,2,5,5,10,81.6,424.4852207,78.28836493
1,8,7,4,1,2,0,3,1,3,78.3,185.494974,107.0192611
1,2,8,4,6,2,2,5,3,6,95.2,293.0272051,78.28836493
1,8,10,4,8,1,1,1,1,4,85.9,241.3014836,87.80214462
2,2,4,1,8,2,2,5,5,6,93.2,249.9719801,82.92437534
1,5,11,2,7,0,2,4,1,4,91.9,473.8950251,87.80214462
1,9,4,6,5,2,2,2,0,4,79.1,489.4121318,82.92437534
1,2,3,2,7,2,1,3,0,2,77.7,166.8381638,112.8953553
1,9,5,5,7,0,1,5,5,8,93.9,331.8067901,78.28836493
1,7,9,4,7,2,1,5,1,8,85.6,514.791856,73.10062573
1,2,8,3,6,2,2,5,0,4,92.4,423.6518216,102.9492058
1,2,5,1,9,0,2,4,5,9,83.7,547.2337033,64.7356604
1,2,9,2,8,2,1,4,5,9,83.9,519.9973773,69.34413948
2,5,10,2,8,0,2,5,0,10,90.7,353.8252072,87.80214462
1,3,4,1,7,2,1,1,4,2,86.7,427.6443798,89.33622132
2,8,5,4,5,1,1,3,1,7,83.5,478.9911174,110.3108459
1,2,5,5,8,0,2,5,5,3,92.4,423.6518216,102.9492058
1,2,6,4,7,2,2,5,3,2,66.4,175.6777855,106.554188
2,2,3,1,5,2,2,3,5,4,68.5,503.0448939,372.933205
1,2,5,5,9,0,1,5,5,5,96.4,221.5735411,89.33622132
2,2,4,4,10,1,0,4,5,4,93.0,238.395493,144.3589814
1,3,6,3,8,1,2,0,3,5,72.4,368.3446037,81.460788
1,7,10,4,4,2,2,4,1,2,80.1,217.2005439,107.0192611
2,2,10,4,9,0,1,2,3,2,85.2,356.1693011,113.5974039
1,9,6,5,10,0,1,5,0,4,89.0,1600.3586,64.46313682
2,2,6,5,10,1,2,5,5,7,90.2,360.3959185,81.460788
2,7,4,4,4,2,0,7,3,2,48.2,476.5814879,82.92437534
1,3,7,5,9,0,2,2,4,2,82.1,273.1457849,121.6670744
1,3,4,3,7,2,2,2,3,2,86.5,219.2024218,127.4397297
1,2,8,5,9,0,2,5,5,7,87.6,296.2050552,69.34413948
1,2,4,3,5,2,2,2,0,7,89.9,241.9406364,110.3108459
1,3,3,6,8,2,2,1,3,2,94.5,358.2562765,110.3108459
2,3,7,1,7,2,2,3,4,4,86.5,185.1511631,112.8953553
1,2,4,1,7,2,1,2,2,4,87.1,415.9009826,81.460788
2,3,2,1,8,1,2,2,2,7,42.2,285.2304662,106.554188
1,8,6,5,7,2,2,5,3,3,79.8,247.2901421,87.80214462
1,3,3,3,4,2,1,2,2,5,85.6,390.6371253,161.7785752
1,3,6,5,9,1,1,5,5,8,83.9,519.9973773,69.34413948
1,8,6,6,4,2,2,2,2,8,94.3,454.3773649,64.10579525
1,2,4,4,7,2,1,5,5,5,7.2,277.9059045,633.9355852
1,3,3,6,5,2,1,3,1,5,97.6,618.8234725,73.74327005
1,2,9,5,1,2,1,5,4,7,90.1,466.077237,64.46313682
1,2,6,2,2,2,2,2,2,8,85.5,402.67,71.52628694
1,2,4,3,1,2,0,2,2,4,96.0,340.3336151,93.94595065
1,12,11,1,9,0,2,4,4,7,55.0,278.7920197,161.7785752
2,2,7,5,7,0,2,5,4,5,89.8,796.3225579,73.10062573
2,6,1,2,7,1,2,0,5,9,89.5,337.9697387,59.12433069
1,2,6,2,7,2,1,3,3,3,93.7,557.0235265,121.6670744
1,2,5,5,5,2,1,1,3,3,65.8,465.2893145,64.46313682
1,3,6,5,6,2,1,2,0,4,91.0,391.6311999,78.28836493
1,7,3,1,9,0,2,2,4,4,88.5,210.4077596,127.4397297
1,2,7,5,9,1,2,2,0,9,85.7,248.8260142,71.52628694
1,2,2,3,7,2,1,2,4,4,79.6,312.277743,113.5974039
2,2,3,3,6,0,1,2,5,5,48.2,272.7341456,106.554188
1,4,12,4,7,2,2,4,1,9,94.5,278.4041501,75.01260027
1,4,6,1,4,1,2,5,5,3,65.5,504.3724199,81.460788
1,3,10,1,7,1,2,5,3,9,98.8,432.6289297,96.79696038
1,3,5,5,8,2,2,1,0,5,90.1,269.2143678,93.94595065
1,3,5,5,6,2,2,2,3,6,95.4,227.9297297,64.10579525
1,3,2,3,10,2,2,8,0,2,55.3,180.6842103,93.94595065
1,2,9,4,9,2,2,4,0,9,89.2,361.6728254,64.10579525
1,2,3,3,8,1,1,2,3,3,87.6,224.5906916,121.6670744
1,5,10,2,5,2,1,4,0,9,87.6,603.9535273,69.34413948
1,2,3,2,8,0,1,5,4,8,94.0,365.1317189,61.22939836
1,2,3,1,9,0,2,6,3,9,94.3,279.5283645,59.12433069
2,5,9,4,8,0,1,4,0,9,85.7,248.8260142,71.52628694
1,2,4,5,6,2,1,1,3,7,48.3,225.3310232,75.01260027
2,3,4,1,8,1,2,3,2,5,83.0,669.8191652,89.33622132
2,3,10,2,7,0,1,4,5,9,92.4,506.3653656,61.22939836
1,2,5,1,10,1,2,5,5,3,75.8,208.1437863,121.6670744
1,9,10,5,9,0,2,5,0,8,95.4,657.5483001,73.74327005
2,5,11,3,10,0,2,4,2,3,67.2,213.7486823,112.8953553
2,2,7,5,7,2,2,4,5,3,98.5,194.1113429,102.9492058
1,2,6,2,8,2,1,1,3,3,91.2,402.4164668,102.9492058
2,2,3,3,8,2,2,2,3,4,21.8,331.5757804,106.554188
2,8,5,5,5,2,2,3,2,2,72.8,192.1284982,127.4397297
3,2,5,4,7,2,2,2,3,3,93.8,203.8307111,93.94595065
1,2,3,3,8,0,2,2,5,5,57.7,136.2703837,112.8953553
2,7,2,4,1,1,2,7,0,2,73.8,275.6136959,102.9492058
2,2,4,3,9,1,2,2,4,4,93.6,531.0199417,75.01260027
1,2,7,1,8,2,2,4,5,3,93.2,351.4316316,92.56137265
1,2,5,3,8,2,1,2,5,4,80.1,485.7477147,107.0192611
2,2,2,1,7,2,1,2,3,4,30.6,175.682866,127.4397297
1,2,9,2,8,0,2,1,4,5,97.5,165.4071761,87.80214462
2,7,5,2,2,2,0,6,0,3,93.4,205.8874095,82.92437534
1,5,11,2,8,2,2,5,1,3,63.8,310.18823,106.554188
1,9,6,5,8,0,1,0,4,6,76.4,435.2686482,85.64933259
1,2,6,3,5,2,2,2,2,5,79.8,380.1352283,112.8953553
1,2,11,1,9,0,2,4,5,3,97.0,264.3067567,82.92437534
1,2,4,3,6,2,2,2,5,3,63.2,217.5237737,121.6670744
1,7,7,4,7,2,1,4,2,2,76.8,371.6786089,92.56137265
2,8,5,1,7,2,2,2,1,9,79.2,431.7770913,73.10062573
1,2,4,1,8,0,2,2,4,6,77.9,250.1292055,113.5974039
1,3,6,5,7,1,2,5,3,3,92.0,360.0336794,82.92437534
1,3,11,1,8,1,2,4,0,8,58.3,372.8135629,75.01260027
2,8,7,4,4,2,2,1,1,4,84.7,358.3771119,73.74327005
1,2,5,5,8,0,2,5,4,2,82.4,304.0914946,64.10579525
1,8,3,3,4,2,1,2,1,7,89.5,243.8631174,64.7356604
2,2,2,1,9,0,2,2,3,3,75.7,557.9557642,77.02625332
2,6,1,4,5,2,1,8,0,4,88.0,566.555378,75.01260027
1,6,2,2,6,1,2,3,1,2,63.8,310.18823,106.554188
2,7,8,3,4,1,1,2,3,4,71.9,242.3407647,71.52628694
1,5,11,4,5,1,2,4,0,9,89.9,256.5943745,87.80214462
1,2,4,5,7,1,2,2,0,5,80.9,434.863926,78.28836493
1,2,4,3,6,2,2,2,5,4,88.8,397.9618259,96.79696038
2,8,5,2,7,1,2,8,3,1,74.4,203.8065011,81.460788
1,5,11,4,5,2,2,1,1,2,29.9,320.0387026,121.6670744
1,5,11,4,7,2,2,1,2,9,86.0,562.9502549,75.01260027
1,3,4,4,8,2,2,5,0,7,58.3,372.8135629,75.01260027
1,2,3,3,8,2,1,2,3,4,81.8,234.9155042,127.4397297
1,3,5,5,9,0,2,5,5,10,81.7,295.710416,59.12433069
2,2,6,4,5,2,2,5,0,1,73.2,400.3883994,110.3108459
2,2,5,5,8,1,1,5,0,5,93.9,261.5263798,102.9492058
1,9,5,5,8,0,2,5,0,2,90.0,478.5270103,96.79696038
2,2,3,5,4,2,1,5,3,6,78.3,271.2329503,96.79696038
1,7,7,4,5,2,2,4,1,5,98.8,432.6289297,96.79696038
1,2,4,1,7,2,2,2,3,4,40.1,248.0655072,107.0192611
1,5,11,1,10,2,2,4,2,3,82.7,1320.024687,61.22939836
1,7,6,4,7,2,2,5,1,6,87.2,186.6749724,96.79696038
1,5,10,4,9,0,2,4,3,10,84.8,600.632258,64.10579525
1,3,7,5,8,1,2,5,5,6,77.5,258.4916932,107.0192611
1,2,5,4,7,2,2,5,5,6,90.5,242.0155766,64.7356604
1,3,5,5,5,2,1,4,4,5,95.1,341.0629634,82.92437534
1,2,4,4,5,2,2,2,3,6,81.0,443.6070744,93.94595065
1,3,8,5,8,0,2,5,5,6,75.1,272.5378186,92.56137265
1,3,11,2,6,1,2,3,1,6,85.6,390.6371253,161.7785752
1,6,2,3,8,2,2,2,0,2,35.8,406.4771433,372.933205
1,3,5,5,6,2,1,2,0,5,93.8,372.4357116,64.46313682
1,3,5,6,8,1,2,0,2,3,80.8,387.3530042,127.4397297
1,8,8,5,6,2,1,5,3,9,99.1,273.946818,64.7356604
0,6,2,2,10,0,2,8,0,7,74.0,373.1459577,81.460788
2,2,13,1,10,0,1,5,4,9,88.6,384.2407087,71.52628694
1,3,4,5,5,2,2,2,0,2,77.1,408.696074,96.79696038
2,2,9,1,7,2,2,4,3,8,92.4,846.0747864,61.22939836
1,3,5,5,8,2,2,5,4,2,78.9,254.2155395,112.8953553
2,2,8,2,2,2,2,6,2,6,82.8,372.6382826,85.64933259
1,2,4,1,8,0,2,2,5,6,90.6,407.0761979,107.0192611
1,2,5,1,4,0,2,2,5,1,76.6,186.3648458,110.3108459
1,2,5,4,7,2,2,4,5,2,67.7,173.5987761,107.0192611
1,2,3,1,8,0,2,2,0,3,48.2,476.5814879,82.92437534
1,7,4,3,3,2,2,2,3,4,72.4,368.3446037,81.460788
3,3,2,3,7,2,2,8,1,6,93.4,227.4610504,93.94595065
1,2,3,3,7,2,1,2,5,5,57.5,167.3391426,106.554188
1,2,8,4,5,1,1,5,0,8,65.6,445.4240359,87.80214462
3,6,4,6,5,2,2,4,2,5,97.5,165.4071761,87.80214462
1,2,5,5,8,1,2,5,5,6,85.3,463.04609,82.92437534
1,2,4,1,8,0,1,5,5,3,93.9,509.8237795,93.94595065
1,3,6,5,8,1,2,5,5,8,62.7,459.6985916,69.34413948
2,2,4,3,9,2,2,2,4,3,64.9,438.2215862,71.52628694
1,7,3,2,5,2,2,4,0,4,75.1,571.9267402,107.0192611
1,3,8,1,8,0,1,4,1,10,92.0,530.5849748,64.7356604
1,3,7,5,8,2,2,4,4,3,86.1,515.3137583,107.0192611
1,7,3,6,3,2,2,1,1,2,82.7,496.9941142,92.56137265
1,9,5,5,6,2,2,1,1,2,69.2,234.2804876,75.01260027
2,2,4,3,8,1,1,2,4,3,85.2,213.1330319,372.933205
1,8,10,2,9,2,2,4,3,4,83.5,671.3311741,87.80214462
1,7,7,6,6,2,1,1,2,2,63.8,310.18823,106.554188
2,6,1,2,8,2,2,4,0,6,71.9,304.440093,71.52628694
1,3,5,5,4,2,2,1,1,3,92.3,396.3142613,77.02625332
2,2,6,5,5,2,2,2,5,6,78.8,290.839218,161.7785752
1,2,3,1,8,0,2,2,3,4,86.9,387.9169126,78.28836493
1,2,5,3,7,1,2,2,0,3,78.9,321.3111848,64.7356604
2,7,7,4,7,2,2,3,1,5,81.7,349.6899188,89.33622132
1,3,8,5,8,0,2,4,0,9,95.3,805.2251128,87.80214462
1,8,7,5,6,2,2,5,4,8,83.8,355.4193846,71.52628694
2,2,4,5,7,2,2,2,3,4,86.5,1019.083529,77.02625332
2,7,2,1,7,2,2,4,5,3,30.6,175.682866,127.4397297
1,3,4,1,7,2,2,5,5,3,40.1,263.8536723,96.13295825
2,2,6,2,8,2,1,2,0,7,87.3,320.5135889,71.52628694
2,3,9,6,10,0,2,2,2,10,88.0,327.0074148,81.460788
1,2,5,1,8,0,1,5,0,7,94.5,359.0248844,64.10579525
1,7,10,4,6,2,0,1,1,2,79.1,489.4121318,82.92437534
1,9,6,5,9,0,2,4,5,8,75.1,272.5378186,92.56137265
1,2,3,3,7,2,2,2,2,2,78.9,254.2155395,112.8953553
1,3,6,3,10,0,2,2,2,7,85.6,312.9498369,64.7356604
1,2,2,2,5,2,2,4,5,2,51.0,205.3602516,93.94595065
1,7,4,2,2,2,0,4,0,4,89.1,567.1022262,89.33622132
2,2,4,4,5,2,2,1,2,5,29.9,320.0387026,121.6670744
1,2,7,5,7,2,1,4,0,7,86.5,654.3968882,85.64933259
2,4,5,1,8,2,1,2,3,4,60.3,348.3833699,112.8953553
1,3,3,2,4,2,2,6,3,3,78.0,249.4424465,93.94595065
1,5,4,6,1,2,1,1,1,2,72.8,192.1284982,127.4397297
2,2,3,1,8,0,2,5,5,7,99.6,835.10544,64.46313682
1,3,8,1,7,2,2,2,4,7,85.6,514.791856,73.10062573
1,3,5,6,7,1,2,2,1,8,81.9,402.637321,75.01260027
1,5,11,4,7,2,2,1,1,6,88.4,195.1597373,127.4397297
1,6,3,1,7,2,2,8,4,5,71.9,304.440093,71.52628694
2,3,11,1,10,0,2,4,5,9,90.2,489.3046499,59.12433069
2,2,7,5,8,2,1,2,1,1,73.2,400.3883994,110.3108459
1,3,4,3,5,2,2,2,2,3,84.8,363.8873428,110.3108459
1,8,7,2,8,2,1,1,1,7,95.4,346.0716235,64.10579525
1,9,8,6,3,2,2,2,1,4,86.3,264.452818,81.460788
1,3,6,6,9,1,2,3,2,2,92.6,323.3037533,102.9492058
1,2,5,5,9,0,2,5,5,5,83.7,547.2337033,64.7356604
1,9,4,5,9,2,2,5,0,3,88.4,341.5086728,102.9492058
1,2,7,5,8,0,2,5,0,8,81.6,424.4852207,78.28836493
1,2,9,4,8,2,2,3,2,5,98.8,432.6289297,96.79696038
1,7,7,5,5,2,1,4,4,7,48.3,225.3310232,75.01260027
2,5,11,4,5,2,0,4,2,5,81.7,685.4587067,61.22939836
1,2,6,6,7,2,1,5,3,9,78.8,270.1082643,87.80214462
1,2,3,4,9,2,1,2,3,5,78.2,388.9270424,73.10062573
1,8,5,4,4,2,2,2,0,6,78.8,290.839218,161.7785752
2,8,6,4,7,2,2,1,1,7,77.6,413.541148,372.933205
1,3,6,5,8,0,2,5,5,9,95.9,282.676841,92.56137265
1,3,6,5,10,1,2,5,0,5,95.4,364.9575037,64.7356604
2,2,3,3,7,2,1,2,2,3,72.3,258.9498126,93.94595065
1,2,7,5,9,0,1,5,5,5,62.5,228.9779782,127.4397297
1,2,4,4,7,2,2,5,0,5,66.2,408.9015291,75.01260027
1,9,5,1,7,1,2,2,3,4,95.2,268.27676,102.9492058
1,7,4,5,7,1,1,5,3,6,81.2,313.0249985,89.33622132
1,2,3,3,8,0,2,2,4,9,81.9,402.637321,75.01260027
1,5,10,2,6,2,2,4,3,5,86.7,620.0175106,96.79696038
1,3,11,2,8,2,2,5,2,6,89.8,698.3319108,85.64933259
2,3,2,3,8,2,2,2,1,7,75.6,319.6150424,71.52628694
1,8,6,1,9,0,2,3,4,2,77.7,166.8381638,112.8953553
1,2,6,5,8,2,2,4,5,3,61.3,118.9556881,106.554188
1,2,10,2,8,0,2,4,5,5,78.3,601.652503,85.64933259
1,2,8,4,7,0,2,2,4,2,83.5,449.266961,87.80214462
1,2,3,3,6,2,1,2,4,4,88.0,566.555378,75.01260027
1,2,8,4,9,2,2,2,0,4,88.1,555.7562383,89.33622132
2,7,9,4,8,2,2,2,2,3,56.6,198.3131996,112.8953553
1,3,4,1,5,2,2,2,3,3,61.1,154.7604152,127.4397297
1,3,10,2,8,1,2,4,0,7,95.2,722.9293734,61.22939836
2,6,2,3,7,2,1,2,2,8,87.4,720.128059,113.5974039
1,2,8,1,8,0,2,5,5,6,87.0,374.2086874,75.01260027
2,2,5,1,7,1,2,5,5,3,95.4,364.9575037,64.7356604
2,2,3,1,8,0,2,5,5,4,86.1,515.3137583,107.0192611
1,4,7,1,6,1,2,5,4,5,74.5,388.1308043,89.33622132
1,2,2,1,8,2,1,2,0,9,57.5,167.3391426,106.554188
1,2,3,1,6,0,1,2,5,9,90.5,242.0155766,64.7356604
2,7,6,1,5,2,2,5,2,6,86.1,322.5377849,93.94595065
1,2,4,1,9,0,2,5,5,3,42.9,574.1803878,161.7785752
1,7,7,2,7,1,2,6,4,2,63.8,310.18823,106.554188
1,2,4,4,9,0,2,5,5,2,68.7,210.6339336,106.554188
1,9,4,5,7,2,2,5,5,3,88.4,432.918309,87.80214462
1,7,6,6,9,2,2,8,1,5,46.5,161.3615074,161.7785752
2,8,11,1,7,1,0,1,2,2,89.1,383.4034609,92.56137265
1,5,11,4,5,2,2,4,2,8,96.7,500.0331967,87.80214462
1,3,6,4,8,1,2,0,1,5,87.5,347.5585172,89.33622132
0,3,4,6,5,2,2,1,0,2,76.4,187.7302181,113.5974039
1,2,6,4,7,2,2,2,3,4,80.1,370.2069804,89.33622132
1,2,4,1,6,1,1,2,5,3,50.2,193.3377661,121.6670744
1,2,4,1,7,2,2,2,5,7,86.5,654.3968882,85.64933259
1,2,7,5,10,0,2,5,0,7,80.9,359.0418989,93.94595065
1,7,2,6,7,2,2,2,1,2,77.1,408.696074,96.79696038
1,2,4,6,10,0,2,3,1,3,94.5,358.2562765,110.3108459
1,3,2,3,8,2,1,2,1,5,62.3,427.5065194,106.554188
1,2,4,1,9,0,1,5,5,2,72.9,159.1394041,106.554188
2,3,8,4,7,1,2,4,0,7,73.4,265.4326667,71.52628694
1,3,6,4,6,0,1,5,0,3,40.1,263.8536723,96.13295825
1,3,10,1,7,1,2,4,0,4,86.7,340.0225799,96.79696038
1,2,6,5,5,2,1,5,3,8,96.2,523.4288408,61.22939836
1,3,2,3,6,2,2,2,0,2,62.8,448.0159166,107.0192611
1,2,3,4,7,2,2,4,3,7,91.7,315.5258907,87.80214462
1,3,3,1,7,1,2,2,1,3,78.9,321.3111848,64.7356604
1,2,8,5,8,0,1,5,0,3,62.1,220.5507783,93.94595065
1,2,2,3,7,2,2,2,4,7,77.6,413.541148,372.933205
2,2,9,2,8,2,1,6,4,6,78.8,290.839218,161.7785752
1,2,7,1,6,2,2,2,3,9,94.7,1148.033598,73.10062573
1,3,5,5,6,2,1,5,5,6,89.5,243.8631174,64.7356604
1,2,7,2,2,2,1,4,3,6,74.5,388.1308043,89.33622132
1,9,4,6,5,2,2,1,1,3,61.1,154.7604152,127.4397297
1,6,2,3,5,2,2,2,1,4,66.5,411.0264496,113.5974039
1,3,10,2,8,0,2,5,0,9,83.6,1281.841905,77.02625332
2,2,4,1,7,1,2,2,3,3,61.1,154.7604152,127.4397297
1,6,5,3,8,0,2,2,2,3,55.7,313.6281544,102.9492058
1,2,8,5,6,2,2,4,4,5,64.4,126.4602794,112.8953553
1,9,5,5,6,0,2,1,1,5,52.0,380.0074949,75.01260027
1,9,4,5,9,2,2,5,5,7,90.2,360.3959185,81.460788
2,2,7,3,6,2,1,4,1,4,63.9,337.5618841,71.52628694
1,2,5,3,6,2,1,2,0,3,79.1,489.4121318,82.92437534
2,5,11,4,9,2,2,0,0,7,84.5,340.3571952,75.01260027
3,3,3,5,5,2,1,8,5,7,82.5,360.8654395,78.28836493
1,2,3,1,8,1,2,2,4,6,83.5,478.9911174,110.3108459
2,3,10,3,5,0,2,6,1,4,82.2,250.1756512,121.6670744
1,2,5,5,8,1,2,2,4,5,93.8,372.4357116,64.46313682
1,3,7,5,6,2,2,5,4,6,90.1,269.2143678,93.94595065
1,3,7,3,8,2,1,2,1,5,73.8,258.6382155,82.92437534
1,2,3,3,9,0,2,2,3,6,77.9,703.5278202,73.10062573
1,5,10,1,7,2,0,4,3,3,69.2,540.8561438,92.56137265
1,2,4,1,7,2,2,2,3,2,79.1,489.4121318,82.92437534
1,2,5,5,7,1,2,4,5,3,78.3,185.494974,107.0192611
1,3,6,5,8,1,2,4,2,3,83.3,726.2428294,87.80214462
1,2,7,4,3,2,2,2,1,6,41.7,461.1116671,161.7785752
1,2,2,3,8,2,2,2,0,4,65.5,246.2140049,127.4397297
1,7,7,5,7,1,1,5,4,6,92.9,266.1615027,73.74327005
1,7,3,5,7,2,2,3,0,4,39.5,247.7371591,89.33622132
2,2,3,1,7,0,2,2,5,4,40.1,248.0655072,107.0192611
1,9,5,5,8,0,2,3,0,4,89.0,208.8943907,69.34413948
1,9,6,5,10,0,2,5,5,5,82.3,438.8981968,110.3108459
2,2,5,5,1,0,2,1,1,3,77.4,318.7759954,127.4397297
2,2,5,5,8,1,0,2,2,5,92.0,311.6815792,69.34413948
2,2,2,2,4,2,1,3,0,2,82.4,304.0914946,64.10579525
2,2,6,4,7,2,1,5,4,8,85.1,480.4077777,92.56137265
2,2,6,5,7,2,1,5,5,3,56.6,198.3131996,112.8953553
1,4,5,1,8,1,2,5,5,9,87.1,408.6119916,59.12433069
1,2,5,6,7,1,2,1,0,6,90.0,582.0531377,64.7356604
1,2,7,5,9,0,2,5,5,5,65.5,504.3724199,81.460788
1,8,8,2,8,0,2,3,2,4,82.4,304.0914946,64.10579525
1,2,5,5,8,1,1,5,5,2,63.5,350.3166793,107.0192611
1,2,6,5,8,0,2,2,2,6,80.3,433.5461043,77.02625332
2,8,5,4,5,2,1,1,2,6,80.9,359.0418989,93.94595065
1,7,7,4,7,2,0,3,1,7,96.4,504.5082864,64.7356604
1,4,4,1,9,1,2,2,1,4,89.4,346.1284687,110.3108459
1,8,6,2,5,2,2,2,0,7,81.5,316.4669217,75.01260027
2,2,5,3,7,2,2,6,0,7,84.8,600.632258,64.10579525
1,2,3,3,7,2,1,2,5,6,28.8,249.6176863,112.8953553
1,9,5,6,6,1,0,2,0,2,70.1,166.2330792,89.33622132
1,7,5,5,10,2,2,3,1,2,49.7,490.7903548,102.9492058
1,9,4,6,10,0,2,5,0,4,78.1,379.6208809,85.64933259
1,6,4,3,5,2,2,2,0,2,68.2,158.8025179,112.8953553
2,2,5,5,8,0,2,5,5,4,90.6,699.9594317,82.92437534
1,8,4,1,4,2,1,1,1,6,82.4,304.0914946,64.10579525
1,2,3,6,4,2,1,3,1,3,87.0,174.7931458,87.80214462
1,2,4,1,8,2,1,2,0,5,85.6,390.6371253,161.7785752
1,2,3,1,8,1,1,2,5,9,88.0,327.0074148,81.460788
2,3,6,5,6,2,2,5,3,3,73.1,168.2700195,93.94595065
1,2,8,2,4,2,1,5,0,5,92.5,345.7193333,96.13295825
1,2,5,5,9,0,2,5,5,6,79.8,401.5871924,75.01260027
1,3,11,4,8,2,1,4,0,6,93.2,249.9719801,82.92437534
2,2,6,5,7,2,2,5,4,7,90.9,1120.675598,61.22939836
1,2,7,3,8,2,2,5,5,4,79.0,376.6616313,85.64933259
2,2,4,3,8,2,2,2,4,3,55.7,313.6281544,102.9492058
1,2,7,5,8,1,2,5,5,9,92.0,530.5849748,64.7356604
1,7,5,4,3,2,1,5,1,6,91.8,239.2899842,107.0192611
1,5,11,4,7,2,2,1,2,5,66.0,294.2263877,113.5974039
2,4,4,4,3,2,2,0,2,4,52.2,157.773891,106.554188
1,6,3,3,7,2,1,2,3,4,77.6,434.6503004,107.0192611
1,6,2,4,8,2,2,8,1,5,36.1,231.9022499,106.554188
1,3,7,5,6,2,2,3,1,2,80.8,387.3530042,127.4397297
1,3,6,1,6,2,2,5,5,6,85.3,463.04609,82.92437534
1,2,5,5,7,2,2,2,3,5,85.4,348.2556848,64.46313682
1,9,6,5,9,1,1,0,0,5,86.1,464.6573403,69.34413948
1,9,6,5,10,0,2,2,2,5,89.2,405.4403459,87.80214462
1,8,8,4,8,0,2,3,2,9,91.9,443.9357978,59.12433069
1,2,4,2,8,0,1,2,4,3,62.8,178.1234453,121.6670744
1,2,8,2,8,2,2,4,4,5,91.7,315.5258907,87.80214462
1,2,4,1,8,0,2,5,5,3,55.7,313.6281544,102.9492058
1,5,13,1,9,0,2,2,1,8,90.4,199.8929388,81.460788
2,6,3,3,8,0,2,2,1,3,80.8,387.3530042,127.4397297
1,2,5,4,8,2,2,5,3,4,52.0,380.0074949,75.01260027
1,3,4,5,3,2,2,2,3,2,70.3,785.8384288,87.80214462
1,7,4,6,2,2,0,1,1,2,88.2,296.2617712,107.0192611
1,9,5,5,8,2,2,2,1,3,88.1,555.7562383,89.33622132
1,3,3,1,7,2,1,1,1,2,89.4,407.033161,102.9492058
2,8,5,5,7,2,2,1,3,3,78.5,258.8066748,127.4397297
1,3,6,6,7,1,2,5,0,4,89.0,208.8943907,69.34413948
1,2,4,3,7,2,2,2,2,9,94.1,408.8610641,75.01260027
1,2,2,3,8,2,1,2,3,3,70.6,258.2009172,106.554188
1,6,4,4,7,2,2,0,0,2,70.1,166.2330792,89.33622132
1,2,7,5,7,2,2,5,4,9,93.8,372.4357116,64.46313682
1,9,6,6,2,2,1,3,0,3,92.0,446.4757739,61.22939836
1,6,3,6,5,2,2,7,0,3,66.0,234.076186,106.554188
1,3,3,2,7,2,2,2,2,2,79.1,129.0566739,106.554188
1,3,3,5,5,2,2,0,0,5,69.7,225.5575184,121.6670744
2,4,5,6,8,2,2,7,0,1,62.8,292.7309746,121.6670744
1,2,5,4,6,2,2,5,4,6,58.3,372.8135629,75.01260027
1,3,7,6,5,2,2,5,3,4,85.7,364.2087794,107.0192611
1,2,4,5,6,2,2,5,5,3,50.1,211.6155909,96.79696038
2,2,4,3,7,2,2,2,3,2,70.5,171.9783644,107.0192611
1,2,3,3,7,0,2,5,0,4,88.5,253.4019849,107.0192611
1,2,4,3,9,1,1,2,4,8,71.4,162.400739,113.5974039
1,2,3,3,7,2,1,2,2,5,81.8,234.9155042,127.4397297
1,8,8,6,1,2,1,5,1,2,77.7,166.8381638,112.8953553
1,2,3,3,8,0,2,2,3,7,78.9,321.3111848,64.7356604
1,2,8,4,7,0,2,5,3,5,90.3,485.5868549,87.80214462
1,2,4,5,9,1,2,5,5,3,93.8,203.8307111,93.94595065
2,3,2,2,8,2,2,5,0,4,74.4,203.8065011,81.460788
1,2,2,1,7,2,2,2,4,4,74.6,289.413251,106.554188
1,8,6,4,6,2,2,7,1,3,75.8,208.1437863,121.6670744
2,3,8,1,7,2,1,4,3,4,43.9,220.1948865,161.7785752
1,8,4,4,7,2,1,1,1,4,77.6,434.6503004,107.0192611
2,3,10,4,5,2,2,4,0,6,94.9,646.4132979,89.33622132
1,6,1,2,5,1,2,2,0,4,86.1,515.3137583,107.0192611
1,2,4,4,8,2,2,4,3,4,72.3,258.9498126,93.94595065
1,9,5,5,2,2,0,3,0,5,92.4,330.2715122,96.79696038
1,2,5,4,7,0,2,4,4,2,86.5,375.4397862,89.33622132
1,2,5,1,6,2,1,5,0,8,93.9,331.8067901,78.28836493
1,9,6,5,9,0,2,4,4,5,90.1,269.2143678,93.94595065
1,6,3,4,8,2,2,2,1,3,65.5,504.3724199,81.460788
2,2,5,5,4,2,1,1,3,1,70.5,176.4223562,106.554188
1,2,4,2,8,2,2,0,0,10,74.8,402.8867281,71.52628694
1,8,7,4,1,1,2,2,0,5,97.6,618.8234725,73.74327005
1,3,10,2,8,0,2,4,5,6,88.0,566.555378,75.01260027
1,3,8,1,8,2,1,4,3,1,83.6,557.9546814,92.56137265
2,3,5,5,9,2,2,4,1,2,42.2,285.2304662,106.554188
1,6,3,3,6,2,2,2,0,6,60.4,166.2824342,107.0192611
1,2,9,2,6,1,2,5,4,5,87.2,180.0437419,110.3108459
1,2,3,2,8,2,1,0,0,5,78.6,360.3948293,161.7785752
1,2,6,4,7,1,1,5,4,2,82.7,273.3212368,81.460788
1,2,4,5,5,0,2,1,4,2,35.8,406.4771433,372.933205
1,3,7,5,8,2,2,5,4,9,98.1,405.6412353,64.46313682
1,3,1,3,7,2,2,2,1,6,66.1,286.3614256,161.7785752
1,2,6,5,7,0,2,5,5,4,71.8,171.0380714,110.3108459
1,2,2,2,7,2,2,2,1,2,87.2,211.0273131,82.92437534
1,2,3,3,9,1,2,2,2,5,80.1,217.2005439,107.0192611
1,2,3,5,9,1,2,2,1,4,32.8,240.7753592,161.7785752
1,7,6,4,5,2,2,2,1,4,89.5,408.4313626,78.28836493
1,2,4,1,9,0,2,5,5,6,77.0,479.5016372,75.01260027
2,2,5,1,6,1,2,5,4,5,85.3,463.04609,82.92437534
0,7,6,5,5,2,2,1,1,5,78.2,491.4274889,96.79696038
1,2,5,4,5,2,1,2,3,2,70.5,176.4223562,106.554188
1,2,8,6,7,2,2,2,4,4,74.5,716.0455818,87.80214462
1,8,9,1,4,2,0,3,4,5,86.3,419.1373612,110.3108459
1,8,4,4,2,2,1,1,1,4,57.5,167.3391426,106.554188
2,2,5,5,7,0,2,4,5,7,63.9,337.5618841,71.52628694
1,2,9,1,9,1,2,4,4,9,93.9,960.2815972,87.80214462
1,3,2,1,6,2,1,2,2,8,81.9,402.637321,75.01260027
2,3,5,5,8,0,2,2,2,6,90.6,411.985854,110.3108459
2,3,5,2,2,2,2,1,2,3,72.1,164.2923192,106.554188
1,2,5,4,8,1,1,2,0,10,7.2,277.9059045,633.9355852
1,3,4,2,7,0,2,6,4,3,87.0,174.7931458,87.80214462
1,3,8,6,3,2,1,3,2,3,66.1,286.3614256,161.7785752
2,7,4,3,10,1,1,6,0,4,73.8,258.6382155,82.92437534
2,3,5,3,9,0,2,2,0,10,87.8,327.5437447,59.12433069
2,8,7,4,5,2,1,1,1,2,68.2,215.1849939,106.554188
1,2,3,4,9,0,2,2,2,7,71.4,162.400739,113.5974039
1,2,5,1,7,2,2,5,5,6,78.3,185.494974,107.0192611
1,8,7,6,7,1,1,3,2,2,82.7,496.9941142,92.56137265
1,8,4,4,5,2,1,2,2,6,91.6,1192.010409,77.02625332
2,2,3,1,9,2,2,2,5,2,84.7,207.7980538,93.94595065
2,2,5,3,6,2,2,2,5,5,74.5,716.0455818,87.80214462
2,7,9,4,6,2,2,1,1,4,83.0,669.8191652,89.33622132
1,3,6,5,10,0,2,5,5,4,96.0,340.3336151,93.94595065
1,9,5,5,7,0,2,5,5,3,85.6,179.8912897,113.5974039
1,2,5,4,10,2,2,2,3,4,79.7,174.7262071,69.34413948
1,2,4,3,8,1,2,2,3,1,63.2,217.5237737,121.6670744
2,6,2,3,9,0,2,8,1,6,77.0,479.5016372,75.01260027
2,3,10,4,7,1,1,4,2,3,83.5,218.3972109,102.9492058
1,2,3,3,8,2,2,2,5,7,78.3,601.652503,85.64933259
1,2,4,3,5,2,1,2,0,2,86.7,427.6443798,89.33622132
2,2,8,5,8,0,2,5,4,10,88.9,480.6632822,64.46313682
1,3,5,4,7,2,0,2,2,4,78.9,315.2061664,93.94595065
1,2,3,3,8,2,2,2,5,7,74.0,373.1459577,81.460788
1,2,7,5,8,0,1,3,2,4,68.7,210.6339336,106.554188
1,2,4,4,8,1,2,2,4,7,68.1,571.1373296,75.01260027
1,7,5,5,8,0,2,2,2,2,90.5,266.804603,93.94595065
2,3,9,1,6,2,2,2,4,5,92.0,280.7112921,113.5974039
2,7,4,3,7,1,2,0,1,3,79.7,301.3119104,64.7356604
1,2,4,1,7,2,2,2,5,3,70.3,785.8384288,87.80214462
1,2,2,4,6,2,1,1,3,4,56.7,296.8690482,64.10579525
2,2,4,5,7,0,2,5,5,3,78.9,350.6540443,96.79696038
1,2,5,2,5,2,2,3,3,2,80.5,245.2240367,110.3108459
1,2,4,2,8,1,2,4,5,6,79.8,401.5871924,75.01260027
1,2,2,3,7,2,1,2,5,6,73.5,182.4826537,161.7785752
1,2,4,4,6,2,1,2,4,1,56.8,273.105102,93.94595065
1,2,3,5,7,2,1,3,3,2,82.3,321.0457918,82.92437534
1,2,5,5,6,0,1,6,2,5,60.2,434.2260975,64.46313682
1,2,2,3,8,0,2,2,3,6,86.2,126.9061471,127.4397297
2,2,5,1,6,2,2,5,0,8,89.2,385.5256861,89.33622132
1,3,7,1,6,2,2,5,0,6,86.2,126.9061471,127.4397297
1,5,12,1,8,0,2,4,1,9,90.5,292.9031911,73.74327005
2,2,5,1,5,0,1,4,5,4,56.2,255.1615328,112.8953553
1,3,5,5,8,0,1,4,3,7,78.3,271.2329503,96.79696038
2,2,4,1,9,0,2,2,4,4,82.2,341.1166595,89.33622132
1,2,3,1,8,1,2,2,4,7,71.8,554.1735695,161.7785752
1,3,3,2,5,2,2,2,0,2,41.5,100.4428144,112.8953553
1,3,9,2,8,0,2,4,0,6,79.6,312.277743,113.5974039
1,5,9,1,9,0,2,4,5,9,90.1,466.077237,64.46313682
1,2,2,3,7,2,1,2,5,10,94.5,278.4041501,75.01260027
2,2,4,2,5,2,0,6,3,8,78.8,290.839218,161.7785752
1,2,2,2,8,2,1,3,0,6,48.2,272.7341456,106.554188
1,2,5,4,5,2,2,2,4,4,90.5,266.804603,93.94595065
1,9,6,6,6,2,2,4,0,5,62.2,315.4970591,73.74327005
1,5,9,2,5,2,2,5,0,7,95.0,313.6413875,77.02625332
1,4,8,4,7,0,2,1,1,2,91.3,615.6574548,82.92437534
1,2,2,1,8,2,2,4,0,5,15.9,267.3949662,106.554188
1,3,2,5,8,2,2,5,0,2,57.5,228.9152562,112.8953553
1,2,9,1,8,0,2,4,5,9,92.8,887.1732436,77.02625332
1,2,5,6,6,0,2,1,3,2,95.9,228.6146087,96.13295825
2,2,4,1,8,2,2,5,4,7,91.7,315.5258907,87.80214462
1,8,6,4,3,2,0,3,1,1,74.0,624.9784193,144.3589814
2,2,3,4,3,2,2,2,4,4,29.9,320.0387026,121.6670744
3,2,5,2,4,1,2,2,5,2,96.4,317.2234659,64.10579525
1,2,5,5,9,0,1,5,0,10,98.1,405.6412353,64.46313682
2,2,5,4,8,2,2,3,0,5,62.3,427.5065194,106.554188
1,2,6,5,7,0,2,2,3,5,56.7,296.8690482,64.10579525
1,2,3,3,6,2,2,2,0,3,86.4,281.0785545,113.5974039
1,3,8,6,6,2,2,3,1,3,82.1,281.6281132,113.5974039
1,2,3,4,6,2,1,2,3,3,86.0,377.2491965,127.4397297
2,2,5,3,8,0,1,2,5,7,77.5,220.8761869,64.7356604
1,2,3,3,10,1,2,5,5,10,86.1,258.4584566,59.12433069
1,2,8,2,4,0,1,1,4,6,57.7,235.5808183,161.7785752
1,3,6,5,6,1,2,5,5,3,74.6,506.5287373,87.80214462
1,2,6,1,7,2,1,5,5,3,93.4,435.3831402,82.92437534
2,2,5,5,9,2,1,2,4,3,68.7,210.6339336,106.554188
1,2,5,2,9,2,2,5,5,3,55.7,313.6281544,102.9492058
2,2,2,1,7,2,2,2,3,3,80.5,245.2240367,110.3108459
0,7,5,1,10,0,1,2,3,4,93.9,243.2854096,64.7356604
2,6,2,3,7,1,2,8,0,8,90.3,263.6342935,71.52628694
2,2,4,3,5,2,2,2,2,5,76.9,287.6973546,85.64933259
1,3,6,5,8,0,2,0,3,4,93.5,356.7285953,89.33622132
1,2,5,1,9,1,2,5,5,8,74.0,373.1459577,81.460788
1,8,3,1,5,2,2,3,0,4,77.6,281.0933161,69.34413948
1,2,4,3,7,0,2,2,5,2,78.0,249.4424465,93.94595065
1,9,5,1,8,0,1,4,3,3,39.8,309.1202122,372.933205
1,2,8,5,8,0,2,5,5,5,99.2,522.3417809,93.94595065
1,7,6,4,1,2,1,2,1,5,93.2,474.1098868,93.94595065
1,2,7,4,9,2,1,5,2,1,88.0,734.6394368,69.34413948
1,7,5,5,7,2,1,3,1,3,87.8,164.9095482,96.79696038
1,2,3,4,8,0,2,2,3,4,70.2,191.3376607,161.7785752
2,7,4,4,8,0,2,2,0,3,74.0,324.2682332,121.6670744
1,2,7,4,5,2,2,5,5,7,82.7,273.3212368,81.460788
1,2,5,3,4,2,2,2,4,6,32.8,240.7753592,161.7785752
1,9,3,5,8,0,1,2,1,6,76.4,435.2686482,85.64933259
1,2,5,1,7,0,2,4,5,6,83.5,478.9911174,110.3108459
1,2,10,4,8,0,2,3,0,4,86.2,238.4656339,107.0192611
2,8,8,1,8,0,2,1,1,3,80.8,387.3530042,127.4397297
1,3,9,2,6,2,1,4,1,7,90.6,430.1504165,78.28836493
2,12,1,2,8,2,2,0,0,3,88.1,442.0001258,107.0192611
2,9,8,2,5,2,1,4,1,5,65.5,504.3724199,81.460788
1,3,2,1,6,2,1,2,3,3,86.5,375.4397862,89.33622132
1,9,10,2,7,2,2,4,0,10,91.4,469.2793215,59.12433069
1,7,4,3,7,2,2,2,2,9,90.6,411.985854,110.3108459
1,3,8,1,7,2,2,5,5,9,68.1,571.1373296,75.01260027
1,2,5,4,9,2,2,2,5,5,87.8,164.9095482,96.79696038
2,2,8,2,8,2,2,5,5,9,73.2,259.3425973,75.01260027
1,2,4,5,6,0,2,2,4,8,88.0,525.2892356,64.10579525
1,3,4,6,9,2,2,2,1,4,85.8,379.2330971,85.64933259
3,7,2,3,7,1,1,2,2,2,84.9,238.6198735,107.0192611
1,3,7,4,7,2,2,4,4,5,82.7,219.7847208,144.3589814
1,2,4,1,8,0,1,5,4,3,93.6,163.4975662,110.3108459
1,2,3,1,5,2,1,5,4,5,91.4,300.5177254,77.02625332
1,2,6,5,5,2,2,3,2,2,89.0,1600.3586,64.46313682
1,8,6,5,7,1,2,1,2,3,80.5,210.527922,127.4397297
2,7,5,5,10,0,1,4,0,3,88.1,442.0001258,107.0192611
1,8,4,4,4,2,2,2,2,8,62.7,459.6985916,69.34413948
2,8,8,4,4,2,1,1,2,6,85.7,248.8260142,71.52628694
1,3,8,5,8,1,2,5,5,4,68.5,249.6918473,110.3108459
1,2,3,3,8,1,2,2,4,10,87.7,552.1392023,372.933205
1,6,1,2,10,0,2,0,0,4,93.6,531.0199417,75.01260027
1,3,6,6,10,2,1,1,3,2,65.4,359.261419,96.79696038
1,3,5,5,8,0,2,5,5,9,79.9,575.4568208,87.80214462
1,3,4,5,7,2,2,2,3,2,79.1,489.4121318,82.92437534
1,4,11,6,8,2,2,5,0,8,61.0,255.3666293,372.933205
1,2,7,6,5,2,2,2,1,8,85.6,390.6371253,161.7785752
1,2,3,3,9,0,2,2,0,5,77.6,434.6503004,107.0192611
1,4,5,4,8,2,2,5,1,3,73.8,258.6382155,82.92437534
1,5,10,4,10,0,2,4,0,7,71.6,482.4405375,71.52628694
2,2,7,5,8,2,2,2,5,9,73.3,782.5918817,71.52628694
2,2,4,3,7,2,1,2,3,10,79.5,463.3952525,64.7356604
2,2,5,5,4,2,1,2,3,10,71.4,310.6722033,73.10062573
0,6,2,3,8,0,1,8,0,2,81.6,280.3949863,121.6670744
2,2,3,4,10,2,2,2,4,10,96.1,578.1108645,64.7356604
1,3,5,6,8,2,2,3,1,2,76.9,287.6973546,85.64933259
1,3,9,5,6,0,1,5,3,5,90.5,733.0334697,64.46313682
1,2,7,3,5,0,2,2,4,2,80.5,210.527922,127.4397297
1,3,5,2,5,2,1,2,1,8,78.6,415.670398,71.52628694
2,2,9,6,5,2,1,2,3,7,86.5,654.3968882,85.64933259
1,2,4,1,8,0,2,2,4,2,82.7,273.3212368,81.460788
1,2,4,3,8,2,2,3,3,4,38.4,336.0770795,372.933205
1,2,6,5,6,0,2,5,4,5,97.6,618.8234725,73.74327005
1,8,2,2,5,2,2,6,0,3,83.1,478.3343071,93.94595065
2,2,9,5,5,0,2,4,2,8,89.2,361.6728254,64.10579525
1,8,4,1,1,2,1,6,1,3,81.1,261.2882823,93.94595065
2,9,5,1,7,1,2,2,4,3,84.4,616.0567504,77.02625332
1,3,5,6,6,2,2,1,1,2,76.4,187.7302181,113.5974039
1,9,6,6,7,2,2,3,0,5,87.6,344.0926939,144.3589814
2,2,4,5,8,0,2,2,5,3,47.0,358.4976159,87.80214462
1,2,2,1,6,2,1,2,3,7,70.4,204.7044497,161.7785752
1,2,4,1,7,1,1,4,5,4,89.5,243.8631174,64.7356604
1,6,2,2,7,2,2,1,0,2,80.1,217.2005439,107.0192611
1,2,4,2,7,1,2,6,2,3,74.2,421.5310456,89.33622132
2,2,3,3,5,2,1,2,3,7,72.8,192.1284982,127.4397297
2,2,5,2,7,1,1,2,5,8,82.3,275.570667,144.3589814
1,8,2,3,4,2,1,2,2,2,70.6,258.2009172,106.554188
1,7,11,4,3,1,1,1,1,2,79.9,260.8400465,161.7785752
1,6,5,1,3,2,0,2,2,5,96.4,221.5735411,89.33622132
1,2,4,5,8,0,1,5,5,3,56.6,198.3131996,112.8953553
1,2,6,2,8,0,2,4,3,4,83.1,478.3343071,93.94595065
1,2,5,5,8,0,2,2,4,5,85.9,231.8763801,71.52628694
1,2,5,1,8,2,2,5,4,3,85.1,286.2944783,112.8953553
1,2,3,4,7,1,2,2,5,8,62.7,459.6985916,69.34413948
2,2,3,3,7,1,1,2,5,8,87.6,374.2222558,161.7785752
1,2,6,5,8,2,2,5,0,7,78.0,190.405277,81.460788
1,7,7,1,8,0,2,2,5,4,86.1,515.3137583,107.0192611
2,5,11,1,6,2,2,4,4,6,74.3,530.256713,92.56137265
1,7,4,4,1,2,2,2,0,4,92.8,298.0391837,110.3108459
1,3,3,3,10,0,1,2,0,2,72.9,159.1394041,106.554188
2,2,3,1,9,0,2,2,3,7,92.0,360.0336794,82.92437534
2,6,2,3,8,1,1,2,0,2,92.4,244.8868506,113.5974039
1,9,6,5,8,1,2,2,0,5,76.9,287.6973546,85.64933259
1,7,5,6,3,2,1,7,1,1,74.4,203.8065011,81.460788
1,3,7,1,4,2,2,2,1,7,74.4,195.0558595,113.5974039
1,2,6,5,8,2,2,5,5,6,89.5,243.8631174,64.7356604
1,2,6,5,4,0,2,2,4,3,87.7,477.3882784,89.33622132
2,2,5,4,6,2,2,3,3,6,85.6,390.6371253,161.7785752
1,9,5,5,8,2,2,5,5,9,90.3,388.9405611,161.7785752
1,2,3,3,8,2,2,2,5,4,95.1,183.4360178,102.9492058
1,2,4,1,6,1,2,5,5,4,74.6,289.413251,106.554188
0,6,2,4,8,0,2,8,0,3,68.7,210.6339336,106.554188
1,2,3,2,7,1,2,3,4,3,81.3,147.2509046,106.554188
1,3,3,4,8,2,1,2,1,9,95.3,914.4962356,73.10062573
2,3,5,3,8,0,2,0,0,9,94.1,408.8610641,75.01260027
2,3,11,1,9,0,2,4,4,4,94.7,594.9427249,102.9492058
1,2,6,4,7,2,2,2,3,2,84.9,238.6198735,107.0192611
1,7,7,6,6,1,0,2,1,2,72.8,285.7571366,87.80214462
2,5,12,2,9,0,2,4,3,7,71.4,310.6722033,73.10062573
1,3,8,4,8,2,2,5,2,7,77.2,213.1441026,71.52628694
1,3,4,5,5,2,2,2,2,8,61.0,255.3666293,372.933205
3,2,3,3,8,2,2,2,0,4,79.8,295.7323768,110.3108459
1,9,7,5,7,2,2,5,0,3,79.8,380.1352283,112.8953553
1,2,8,2,8,2,1,5,4,5,86.3,310.0244114,89.33622132
2,2,5,4,9,0,2,2,5,4,87.7,552.1392023,372.933205
2,8,7,4,3,2,2,3,1,4,19.8,312.8679601,127.4397297
1,3,8,2,10,0,2,4,0,6,94.2,287.7984998,78.28836493
2,2,3,3,8,2,2,2,3,4,95.1,341.0629634,82.92437534
2,2,5,5,8,0,2,2,2,3,76.8,371.6786089,92.56137265
1,3,4,5,10,0,1,5,5,6,94.3,432.6012683,93.94595065
1,2,5,4,10,0,1,2,3,8,89.8,438.8166811,372.933205
1,7,5,4,7,2,2,1,1,3,78.6,360.3948293,161.7785752
1,3,4,5,7,2,2,4,3,4,76.9,317.4000186,85.64933259
1,2,4,4,7,2,1,5,4,3,70.3,785.8384288,87.80214462
1,8,7,5,8,2,2,5,5,8,83.7,547.2337033,64.7356604
1,7,9,6,5,2,2,4,1,5,85.9,231.8763801,71.52628694
1,9,8,6,5,2,1,1,3,6,88.1,442.0001258,107.0192611
1,3,5,6,8,2,2,3,1,6,86.2,126.9061471,127.4397297
1,8,8,1,5,2,1,2,0,7,86.5,951.9884099,61.22939836
2,2,4,1,6,1,1,2,0,7,42.2,285.2304662,106.554188
1,3,9,1,9,0,2,4,5,10,92.0,530.5849748,64.7356604
1,5,10,2,7,2,2,4,2,6,96.0,416.7715212,82.92437534
1,2,4,4,7,2,2,2,3,5,86.0,562.9502549,75.01260027
2,3,3,3,5,2,2,2,3,5,83.0,480.181777,75.01260027
2,2,2,3,8,2,1,2,2,3,87.6,224.5906916,121.6670744
1,9,3,5,5,2,2,6,0,4,70.4,204.7044497,161.7785752
1,7,3,6,7,2,1,1,1,3,23.1,387.6253905,75.01260027
1,3,6,5,8,1,2,2,4,8,94.3,279.5283645,59.12433069
1,3,8,5,9,0,2,4,0,9,96.6,454.2983688,71.52628694
1,3,7,4,7,2,2,2,2,2,70.1,166.2330792,89.33622132
2,2,4,1,8,0,2,2,3,1,82.7,451.5522029,89.33622132
1,2,3,4,7,2,2,8,1,4,38.4,336.0770795,372.933205
2,2,7,3,8,2,2,4,5,4,79.7,301.3119104,64.7356604
1,2,5,5,10,0,2,2,4,7,91.3,432.1362784,87.80214462
1,2,3,1,9,0,2,2,5,7,93.9,309.0265188,75.01260027
1,2,5,5,8,1,2,2,4,8,81.9,402.637321,75.01260027
1,8,7,6,4,2,2,3,2,2,95.1,341.0629634,82.92437534
1,2,4,1,8,0,1,2,5,3,79.5,398.7856089,102.9492058
2,2,6,3,9,1,1,2,5,10,92.8,434.5165184,75.01260027
2,2,5,5,2,2,2,5,3,7,94.3,454.3773649,64.10579525
2,2,3,2,7,2,2,5,0,5,90.2,273.9067414,93.94595065
1,2,3,4,3,2,1,6,2,4,81.9,205.509999,81.460788
1,2,4,1,8,2,2,2,5,3,68.7,210.6339336,106.554188
2,8,5,1,10,2,2,2,1,2,87.7,477.3882784,89.33622132
1,3,9,4,5,2,2,4,1,6,83.3,635.1064868,87.80214462
1,2,5,5,8,1,2,5,5,10,96.1,578.1108645,64.7356604
1,3,4,5,8,1,2,2,2,2,55.3,180.6842103,93.94595065
1,3,6,5,2,2,1,2,3,10,71.4,310.6722033,73.10062573
1,5,11,2,7,2,1,4,0,7,94.7,1148.033598,73.10062573
1,3,5,5,10,1,2,2,4,2,65.9,281.6429255,81.460788
1,6,3,2,5,2,1,3,0,5,40.1,248.0655072,107.0192611
1,7,6,5,10,0,2,3,0,4,87.0,251.5855131,85.64933259
1,2,4,6,5,2,1,1,4,3,78.3,185.494974,107.0192611
2,5,13,5,8,0,2,4,2,9,96.6,454.2983688,71.52628694
1,2,3,3,8,2,2,2,0,5,52.2,157.773891,106.554188
1,2,9,1,8,0,2,4,3,6,89.2,954.7675668,77.02625332
1,5,11,2,9,1,2,4,3,6,79.0,376.6616313,85.64933259
1,9,3,5,8,1,2,2,0,5,71.6,482.4405375,71.52628694
1,4,9,2,7,2,2,4,2,6,78.6,415.670398,71.52628694
1,3,4,4,7,1,2,3,3,3,91.8,239.2899842,107.0192611
1,2,5,1,9,0,2,4,5,6,78.8,290.839218,161.7785752
1,2,3,2,5,0,2,4,5,5,85.1,480.4077777,92.56137265
1,4,8,2,7,2,1,5,0,8,87.6,296.2050552,69.34413948
0,2,4,1,9,0,2,5,4,9,92.9,452.5629203,64.10579525
1,7,6,6,5,1,1,3,2,7,62.3,427.5065194,106.554188
2,2,6,5,7,2,2,5,5,9,92.4,846.0747864,61.22939836
1,2,6,4,7,2,1,0,3,2,55.3,180.6842103,93.94595065
1,2,3,3,8,1,2,2,3,8,79.5,463.3952525,64.7356604
1,3,4,3,8,1,1,2,2,3,83.3,313.4991137,161.7785752
1,2,6,5,8,1,2,5,5,10,95.6,422.6251898,69.34413948
2,6,1,4,2,2,0,3,1,2,73.2,400.3883994,110.3108459
1,2,5,4,8,1,2,5,5,2,84.5,237.3933704,107.0192611
1,3,4,1,6,2,0,8,1,5,71.9,304.440093,71.52628694
2,2,8,1,7,0,2,5,5,2,78.5,258.8066748,127.4397297
2,2,3,2,8,2,2,1,4,2,29.9,320.0387026,121.6670744
1,2,4,5,8,2,2,5,5,5,89.2,340.7671215,107.0192611
1,2,4,1,7,1,2,2,5,4,86.9,387.9169126,78.28836493
1,7,5,3,8,1,1,7,0,3,87.2,211.0273131,82.92437534
3,3,5,6,3,2,1,4,1,8,46.3,319.8557635,372.933205
1,2,6,6,7,0,2,2,5,2,62.5,228.9779782,127.4397297
1,2,4,4,6,2,2,5,3,10,93.8,661.5517966,64.10579525
1,2,8,5,6,2,2,5,0,3,61.1,154.7604152,127.4397297
1,2,6,4,8,0,1,5,3,7,79.8,401.5871924,75.01260027
1,2,7,5,3,2,1,5,3,4,87.3,267.9158085,107.0192611
1,3,5,4,6,2,2,2,2,5,76.9,222.5971968,81.460788
1,7,7,6,8,2,2,1,0,2,76.4,187.7302181,113.5974039
1,2,7,2,5,2,2,5,0,2,80.7,325.2688033,75.01260027
1,2,4,1,7,0,1,2,5,2,77.7,166.8381638,112.8953553
1,9,4,5,7,2,2,2,2,4,84.9,285.5502166,81.460788
1,9,4,6,7,1,2,3,2,4,52.0,380.0074949,75.01260027
1,7,5,5,8,1,1,5,0,5,92.4,244.8868506,113.5974039
2,2,5,1,8,0,2,5,5,3,68.6,176.2686073,121.6670744
2,2,5,4,2,2,0,2,3,7,61.0,255.3666293,372.933205
2,7,4,4,4,2,1,1,1,2,78.5,258.8066748,127.4397297
1,3,3,3,5,2,2,2,1,2,42.2,285.2304662,106.554188
2,2,4,4,8,1,2,2,3,3,68.9,334.0730551,113.5974039
1,7,7,2,7,1,2,1,0,4,84.9,862.4856547,61.22939836
2,2,5,5,9,0,2,2,1,6,87.0,374.2086874,75.01260027
1,2,4,1,3,2,1,2,5,6,57.7,235.5808183,161.7785752
1,2,7,6,8,2,1,5,4,6,94.4,584.957566,73.74327005
1,2,5,2,8,1,2,5,0,5,67.4,385.867006,92.56137265
1,2,3,1,8,1,2,2,5,6,83.5,478.9911174,110.3108459
3,2,4,4,7,2,2,5,4,3,85.9,387.7488934,96.79696038
1,2,4,1,8,0,2,2,4,9,62.3,427.5065194,106.554188
1,5,10,1,4,2,2,4,0,10,74.0,379.057815,73.74327005
1,2,6,5,9,0,2,5,3,3,77.6,281.0933161,69.34413948
1,2,4,1,9,0,1,2,5,6,48.3,225.3310232,75.01260027
1,9,4,5,9,2,2,5,5,7,64.4,181.6033787,106.554188
1,2,6,6,4,2,2,5,3,4,56.7,296.8690482,64.10579525
1,3,3,4,5,2,2,2,1,3,93.9,509.8237795,93.94595065
1,3,2,3,6,2,2,2,2,4,71.6,219.0371122,106.554188
2,8,6,4,7,0,2,3,1,3,74.2,421.5310456,89.33622132
1,2,4,1,8,2,2,2,3,5,81.1,261.2882823,93.94595065
1,2,3,1,7,2,2,4,4,2,71.8,213.9008596,107.0192611
1,2,2,2,6,2,2,6,0,9,94.5,278.4041501,75.01260027
2,3,5,4,7,2,1,5,2,3,76.1,415.0243172,127.4397297
1,9,5,2,8,0,2,3,0,1,58.2,130.6531827,110.3108459
1,6,3,2,2,2,2,2,1,6,80.5,245.2240367,110.3108459
1,2,4,2,7,2,2,0,3,2,89.0,208.8943907,69.34413948
1,2,4,1,7,0,2,2,4,8,68.6,302.4887865,102.9492058
2,5,7,4,7,2,1,3,3,5,86.7,253.1848485,127.4397297
1,6,2,1,7,1,1,2,1,6,74.4,195.0558595,113.5974039
2,2,7,1,6,2,2,5,0,9,87.3,320.5135889,71.52628694
2,2,3,1,8,2,2,2,5,3,48.9,176.6483453,121.6670744
1,2,3,1,5,1,1,2,5,6,82.8,372.6382826,85.64933259
1,9,5,2,6,2,2,5,1,5,91.4,741.8911025,92.56137265
1,2,8,4,7,2,2,4,4,3,65.8,465.2893145,64.46313682
1,2,3,3,7,2,2,2,3,5,28.8,249.6176863,112.8953553
1,2,3,2,5,2,1,2,0,4,87.2,186.6749724,96.79696038
2,2,4,1,7,0,2,5,5,5,84.9,862.4856547,61.22939836
1,3,5,5,7,0,2,0,3,5,89.5,408.4313626,78.28836493
1,2,6,1,8,0,2,5,5,7,92.4,330.2715122,96.79696038
1,2,5,1,6,2,1,5,0,5,80.9,359.0418989,93.94595065
1,2,3,1,7,2,2,5,4,2,94.7,199.5284734,93.94595065
1,3,9,2,8,0,2,5,4,7,95.3,243.8026229,112.8953553
2,2,6,4,7,2,1,2,5,3,82.2,572.6834211,71.52628694
2,2,10,1,9,0,2,4,0,10,79.5,463.3952525,64.7356604
2,2,5,1,3,2,2,2,2,4,93.2,249.9719801,82.92437534
1,3,3,4,6,2,1,2,1,2,47.0,358.4976159,87.80214462
2,2,7,2,3,2,1,2,3,3,49.3,165.0903549,106.554188
1,2,9,2,6,2,1,5,3,2,95.8,315.7678125,96.13295825
1,7,6,5,7,2,1,2,1,7,77.6,413.541148,372.933205
1,9,9,2,8,0,1,4,0,9,95.9,282.676841,92.56137265
1,6,2,3,5,2,2,6,1,4,84.9,862.4856547,61.22939836
1,2,6,5,5,2,2,5,5,7,91.7,315.5258907,87.80214462
1,2,9,3,7,0,2,4,2,4,94.9,587.1728851,93.94595065
1,7,4,6,6,2,2,2,3,6,77.3,242.9118031,61.22939836
2,3,1,2,7,0,2,3,2,2,63.8,310.18823,106.554188
1,7,6,6,4,2,1,1,1,3,80.9,154.0714734,112.8953553
1,3,5,1,7,2,1,5,2,7,92.8,887.1732436,77.02625332
1,3,8,1,10,0,2,4,0,10,93.8,661.5517966,64.10579525
1,2,3,3,8,2,2,2,4,3,87.6,224.5906916,121.6670744
1,3,3,3,8,2,2,2,3,2,64.5,269.8912839,121.6670744
1,7,4,5,5,2,2,2,2,5,75.6,660.2063295,89.33622132
1,3,3,1,4,2,1,2,2,3,78.8,154.3225881,106.554188
1,4,9,1,6,2,1,5,5,3,78.2,405.5889264,82.92437534
1,2,6,3,5,2,2,2,2,2,91.0,269.7703135,127.4397297
1,6,4,5,5,2,2,3,2,2,20.8,191.5685459,161.7785752
1,9,7,5,7,2,2,4,0,8,95.8,335.5428836,64.10579525
1,3,6,1,8,2,2,5,0,4,73.8,246.155859,110.3108459
1,2,3,3,6,2,2,2,0,4,28.8,234.7900967,112.8953553
1,2,8,1,9,0,2,4,5,3,57.7,235.5808183,161.7785752
1,3,5,5,8,0,2,2,5,5,71.9,304.440093,71.52628694
1,2,5,1,7,0,2,2,0,3,65.5,504.3724199,81.460788
1,3,6,5,6,2,2,5,5,9,97.5,572.1125942,92.56137265
0,3,5,1,5,2,2,6,1,2,82.0,264.3229675,127.4397297
1,7,5,5,6,1,2,2,2,10,96.1,578.1108645,64.7356604
1,3,9,4,5,2,2,4,2,3,80.1,485.7477147,107.0192611
2,7,6,1,7,0,1,5,4,2,48.2,272.7341456,106.554188
1,2,4,4,6,2,1,2,5,4,66.1,286.3614256,161.7785752
1,5,10,4,8,1,2,4,1,4,78.2,405.5889264,82.92437534
1,2,7,6,8,2,2,2,1,5,62.2,315.4970591,73.74327005
1,2,5,5,8,2,2,5,5,8,81.9,402.637321,75.01260027
2,2,6,5,9,2,2,3,1,1,61.1,154.7604152,127.4397297
1,2,5,4,8,0,2,2,5,6,65.5,197.9961132,127.4397297
1,3,5,5,7,1,2,2,1,3,88.5,880.7535176,82.92437534
0,2,9,5,8,0,2,5,0,3,93.0,532.9147208,77.02625332
2,7,10,4,7,0,2,2,0,3,98.2,248.1116787,110.3108459
1,2,4,1,7,2,2,2,3,6,85.5,234.4239849,113.5974039
2,3,3,2,7,2,2,5,2,9,86.1,400.395446,71.52628694
1,7,3,1,7,2,1,5,4,5,78.2,388.9270424,73.10062573
1,9,4,5,4,2,2,2,1,5,90.5,733.0334697,64.46313682
2,2,8,4,2,2,1,3,2,4,48.8,260.9215407,372.933205
1,7,3,1,3,2,2,2,4,1,91.7,311.5936931,102.9492058
1,5,12,1,9,0,2,4,0,9,95.2,1245.267534,69.34413948
2,2,4,1,8,2,1,2,3,2,42.2,285.2304662,106.554188
2,2,2,1,10,0,2,2,3,9,65.5,806.7915325,69.34413948
0,2,1,3,8,2,2,2,0,3,92.4,244.8868506,113.5974039
1,2,3,3,7,2,2,2,3,6,88.0,425.9581141,110.3108459
2,2,10,5,8,1,2,1,3,2,77.3,278.9395101,110.3108459
2,2,5,4,7,2,1,3,4,3,50.6,356.1933799,107.0192611
1,2,4,1,7,1,2,2,3,7,73.2,259.3425973,75.01260027
1,2,5,6,4,2,2,3,4,6,87.1,588.6223879,75.01260027
1,2,3,3,7,2,1,2,0,6,91.0,269.7703135,127.4397297
1,6,2,1,7,2,1,4,0,5,92.4,258.7335624,113.5974039
1,6,4,3,7,2,2,2,1,5,86.5,951.9884099,61.22939836
1,9,5,5,6,2,2,3,1,5,76.1,415.0243172,127.4397297
1,2,4,1,1,2,1,7,1,4,89.2,387.3482353,75.01260027
1,2,4,2,7,2,2,4,5,7,86.5,654.3968882,85.64933259
1,2,3,1,10,1,2,2,4,3,57.0,129.1527893,107.0192611
1,9,4,5,6,0,2,5,2,4,87.2,186.6749724,96.79696038
1,3,7,5,8,2,2,6,5,2,77.0,308.6802522,110.3108459
1,3,1,1,5,2,2,2,0,8,96.0,447.1174424,64.46313682
2,2,4,4,7,1,2,2,5,9,84.9,339.2748869,71.52628694
1,2,8,6,8,0,2,5,4,4,98.1,623.8264751,92.56137265
1,2,5,2,5,2,1,6,0,4,84.7,207.7980538,93.94595065
1,2,6,5,9,0,2,2,5,4,30.6,175.682866,127.4397297
1,3,3,3,8,1,2,2,2,3,85.0,138.0746187,106.554188
1,2,8,5,8,2,2,5,5,4,85.7,364.2087794,107.0192611
2,2,6,1,7,2,1,5,0,5,90.2,360.3959185,81.460788
1,2,3,5,10,0,2,5,0,6,80.9,456.1386066,71.52628694
1,3,4,4,10,0,2,5,5,5,75.6,660.2063295,89.33622132
1,6,1,2,5,1,2,1,1,3,97.2,258.0293184,102.9492058
2,3,5,3,5,2,2,0,2,4,56.2,255.1615328,112.8953553
2,2,3,2,7,0,1,1,3,2,83.3,313.4991137,161.7785752
1,8,10,1,6,2,1,4,4,9,97.5,544.8556435,73.10062573
2,2,6,1,9,0,1,4,5,9,96.6,454.2983688,71.52628694
2,2,7,1,8,2,2,5,5,4,78.2,405.5889264,82.92437534
1,8,6,6,2,2,1,1,1,4,83.3,726.2428294,87.80214462
1,9,7,5,6,1,2,4,4,7,74.4,195.0558595,113.5974039
1,3,10,2,8,0,2,5,3,9,99.1,273.946818,64.7356604
1,2,5,5,7,2,2,5,5,10,93.8,661.5517966,64.10579525
1,2,7,1,9,0,1,2,5,7,48.3,225.3310232,75.01260027
2,7,7,1,5,0,2,1,0,5,91.5,533.0982935,107.0192611
1,7,5,5,8,0,2,5,4,7,93.4,513.1842981,69.34413948
1,2,6,5,7,1,1,3,4,5,89.4,151.178785,93.94595065
1,2,5,5,9,0,1,5,5,5,71.6,482.4405375,71.52628694
1,2,6,5,5,2,1,4,5,9,87.2,180.0437419,110.3108459
1,2,8,6,5,2,1,4,0,6,62.2,315.4970591,73.74327005
2,2,4,1,7,1,2,2,5,9,82.9,240.109121,59.12433069
1,5,10,2,7,2,2,4,0,5,94.7,594.9427249,102.9492058
0,3,2,2,9,2,2,1,0,4,90.1,470.3931177,89.33622132
1,2,4,1,6,2,1,5,3,2,56.8,273.105102,93.94595065
1,2,4,5,9,0,2,5,5,5,94.3,403.6069805,112.8953553
2,6,7,5,3,2,2,3,0,3,62.7,459.6985916,69.34413948
1,2,3,1,9,2,2,5,5,3,90.5,330.4398558,121.6670744
1,2,4,2,8,2,1,2,0,6,93.8,244.2682691,64.46313682
1,2,5,1,8,0,2,5,5,5,87.6,296.2050552,69.34413948
0,3,8,1,8,2,1,4,0,3,51.6,426.6566447,372.933205
1,5,11,2,7,1,1,4,3,9,83.9,519.9973773,69.34413948
1,2,8,2,7,2,2,6,3,2,82.2,288.5948053,110.3108459
2,2,3,1,9,0,1,2,2,3,91.7,397.213904,102.9492058
1,2,8,2,8,2,2,5,3,5,29.7,251.602269,96.79696038
1,9,4,5,7,0,1,0,4,4,88.1,555.7562383,89.33622132
1,5,10,1,10,0,2,4,0,4,96.1,387.2169912,92.56137265
1,3,1,2,7,2,2,6,2,3,95.4,227.9297297,64.10579525
1,2,4,3,10,1,2,2,3,3,63.5,350.3166793,107.0192611
1,5,13,4,7,2,2,4,0,5,94.3,279.5283645,59.12433069
2,2,5,4,3,2,0,3,4,5,85.8,379.2330971,85.64933259
1,3,4,4,7,2,1,4,2,4,72.4,368.3446037,81.460788
1,8,9,4,7,2,2,1,1,6,95.2,960.7470303,73.10062573
1,9,5,6,6,2,1,1,1,3,75.8,208.1437863,121.6670744
1,3,8,5,10,0,2,5,5,4,83.0,669.8191652,89.33622132
2,8,5,6,9,0,0,1,1,2,68.2,158.8025179,112.8953553
1,2,6,5,9,1,2,4,5,5,62.8,448.0159166,107.0192611
1,9,6,5,7,0,2,5,5,4,74.6,289.413251,106.554188
1,8,9,4,2,2,2,1,1,1,88.3,241.8248561,110.3108459
1,2,5,1,9,2,2,5,5,7,77.5,220.8761869,64.7356604
2,5,4,4,8,2,1,8,5,2,82.2,572.6834211,71.52628694
1,2,6,5,7,2,2,0,2,5,88.0,327.0074148,81.460788
1,2,9,4,8,0,2,4,5,3,80.8,387.3530042,127.4397297
1,2,3,1,8,0,2,2,3,3,79.9,260.8400465,161.7785752
1,3,4,5,8,2,2,2,5,9,88.0,238.8750429,107.0192611
1,2,4,2,9,1,1,5,5,4,86.3,310.0244114,89.33622132
1,2,7,1,8,1,2,4,5,9,88.0,238.8750429,107.0192611
1,2,5,1,7,2,2,5,5,10,87.5,414.0255496,64.7356604
2,2,4,1,8,1,2,2,4,3,57.0,129.1527893,107.0192611
1,8,8,1,6,2,2,3,0,2,78.8,154.3225881,106.554188
1,5,10,2,8,0,2,4,0,9,95.9,737.2153474,64.10579525
1,3,5,5,4,2,1,2,0,3,61.8,173.106062,112.8953553
2,2,4,1,9,0,2,2,5,8,94.6,238.458294,78.28836493
1,2,5,4,9,2,1,2,4,7,15.9,267.3949662,106.554188
1,2,4,4,4,2,1,2,4,7,87.3,578.6153528,372.933205
2,3,3,3,7,2,2,3,1,2,57.7,138.2928694,112.8953553
1,2,8,5,5,2,2,3,3,3,47.0,358.4976159,87.80214462
1,2,3,2,8,2,2,1,3,3,70.6,150.3721995,112.8953553
2,2,5,1,10,0,2,5,5,9,94.3,279.5283645,59.12433069
1,9,4,6,8,2,2,1,1,1,73.2,400.3883994,110.3108459
1,8,8,2,10,2,1,1,0,6,90.3,485.5868549,87.80214462
1,7,4,1,3,2,2,2,2,4,60.3,348.3833699,112.8953553
2,2,3,4,8,2,2,2,4,2,29.9,320.0387026,121.6670744
1,3,1,2,5,2,1,1,2,6,88.1,442.0001258,107.0192611
1,5,12,1,7,0,2,4,3,7,94.2,723.0452415,64.46313682
2,2,4,6,6,2,2,2,3,3,77.6,281.0933161,69.34413948
1,6,4,4,5,2,2,6,0,6,74.4,195.0558595,113.5974039
1,2,2,3,6,2,1,2,5,2,82.7,530.9984957,102.9492058
1,9,5,5,7,0,2,4,5,4,72.4,368.3446037,81.460788
1,2,4,3,6,1,2,2,2,8,95.3,914.4962356,73.10062573
2,7,5,3,5,2,2,7,1,2,72.9,159.1394041,106.554188
2,2,4,3,7,2,2,2,5,6,73.3,782.5918817,71.52628694
1,2,7,6,6,2,2,5,3,9,98.3,463.9077075,64.46313682
1,9,4,6,10,2,2,6,3,2,91.2,504.9205784,81.460788
1,2,5,1,6,2,1,5,5,4,89.2,340.7671215,107.0192611
2,2,4,5,8,2,2,4,5,5,66.0,380.7372539,372.933205
2,3,6,3,5,2,1,6,1,5,85.3,463.04609,82.92437534
1,2,3,3,7,1,2,2,4,3,86.5,219.2024218,127.4397297
1,5,12,4,3,2,2,3,1,5,87.6,344.0926939,144.3589814
1,2,4,3,8,2,2,2,3,7,70.2,191.3376607,161.7785752
1,2,5,6,5,0,2,5,4,5,92.5,345.7193333,96.13295825
1,2,4,4,8,2,2,0,0,3,85.9,454.262596,89.33622132
1,3,8,4,7,2,2,2,0,8,83.0,249.9183048,144.3589814
1,3,10,2,5,1,2,5,1,6,78.0,243.8868845,112.8953553
1,8,9,5,3,2,1,1,1,3,65.7,302.3541312,121.6670744
2,2,3,3,8,0,1,2,2,10,79.5,463.3952525,64.7356604
1,2,6,4,8,2,1,5,5,4,88.5,253.4019849,107.0192611
1,3,2,1,8,1,2,2,1,6,78.3,271.2329503,96.79696038
2,3,5,1,7,2,2,2,2,8,66.2,408.9015291,75.01260027
2,3,7,2,3,1,1,6,2,9,81.9,402.637321,75.01260027
2,12,10,4,10,0,2,0,0,4,84.3,372.0255145,144.3589814
1,2,7,1,8,2,2,5,3,3,70.4,416.4443602,85.64933259
1,2,6,5,8,2,2,5,4,9,83.7,410.3327899,71.52628694
1,9,3,6,8,2,1,3,1,2,86.7,620.0175106,96.79696038
1,3,7,6,4,2,2,2,1,1,73.2,400.3883994,110.3108459
1,2,7,4,8,2,1,4,5,3,95.1,315.2874366,73.74327005
1,3,5,5,8,2,2,2,0,5,79.0,376.6616313,85.64933259
1,2,10,4,7,2,1,0,3,8,85.4,348.2556848,64.46313682
0,0,8,5,8,1,2,0,0,7,78.9,321.3111848,64.7356604
1,2,7,2,7,2,2,4,3,4,93.9,243.2854096,64.7356604
1,3,5,5,7,2,2,2,2,2,92.0,311.6815792,69.34413948
1,2,4,5,7,2,1,2,0,3,93.9,317.4617832,82.92437534
1,2,4,3,7,2,1,2,4,4,36.1,231.9022499,106.554188
1,2,3,3,8,1,1,2,0,3,87.5,271.3382244,372.933205
1,2,4,1,7,1,2,2,0,4,78.2,405.5889264,82.92437534
1,9,4,6,5,2,2,1,1,7,72.8,192.1284982,127.4397297
2,2,4,5,7,1,1,1,1,2,96.4,317.2234659,64.10579525
1,2,3,3,7,2,1,2,3,4,79.1,129.0566739,106.554188
1,2,7,5,5,2,1,5,4,5,98.1,405.6412353,64.46313682
2,3,5,5,5,0,2,2,1,2,42.2,285.2304662,106.554188
1,2,10,1,10,0,2,4,0,10,79.5,463.3952525,64.7356604
1,8,8,1,4,2,2,4,3,8,87.3,578.6153528,372.933205
1,2,3,1,6,2,2,2,4,3,68.6,176.2686073,121.6670744
1,6,2,6,10,2,2,2,1,3,82.9,314.3614614,87.80214462
1,2,4,1,7,1,2,2,5,5,62.5,228.9779782,127.4397297
1,2,8,1,7,0,2,5,4,3,98.2,248.1116787,110.3108459
1,3,7,6,8,1,2,3,2,2,59.5,212.6461234,372.933205
1,8,6,6,3,2,1,3,1,4,30.6,175.682866,127.4397297
1,5,10,1,8,0,2,4,0,10,91.3,756.6193235,78.28836493
1,3,6,5,7,2,2,3,2,6,90.5,242.0155766,64.7356604
1,2,5,2,4,2,2,2,3,2,86.1,464.6573403,69.34413948
2,3,3,3,7,2,2,2,2,2,64.4,181.6033787,106.554188
1,8,10,4,10,0,2,3,1,9,95.2,960.7470303,73.10062573
2,3,6,3,8,1,2,2,3,5,90.9,1120.675598,61.22939836
1,6,3,4,7,1,2,2,0,4,95.1,183.4360178,102.9492058
1,2,8,5,8,1,2,5,5,2,81.5,388.3651306,81.460788
2,2,4,1,7,2,2,5,5,6,93.9,309.0265188,75.01260027
2,3,4,3,4,2,1,2,3,5,76.9,222.5971968,81.460788
1,2,7,3,6,2,2,5,5,5,81.1,261.2882823,93.94595065
1,5,6,2,8,2,2,4,2,7,88.9,300.576175,89.33622132
1,6,2,2,9,1,2,2,0,3,87.6,1520.204295,73.10062573
1,3,8,1,8,0,1,5,3,9,96.7,331.2468311,81.460788
2,2,4,1,7,0,1,5,5,4,64.4,181.6033787,106.554188
1,9,3,6,3,2,1,2,0,4,77.6,281.0933161,69.34413948
1,2,4,5,7,2,2,5,4,5,93.9,674.7629061,61.22939836
1,2,5,4,7,1,2,5,5,2,48.9,176.6483453,121.6670744
1,2,4,1,6,2,1,2,3,7,88.6,433.6432643,85.64933259
1,3,5,5,9,0,2,4,2,9,96.6,454.2983688,71.52628694
1,2,3,1,7,2,1,2,5,5,83.3,313.4991137,161.7785752
1,3,6,5,9,0,2,2,2,3,82.2,250.1756512,121.6670744
1,2,5,3,2,2,1,2,5,8,88.8,289.9662852,85.64933259
1,5,13,1,8,0,2,4,5,9,95.9,282.676841,92.56137265
1,9,7,4,8,2,1,2,0,4,74.6,289.413251,106.554188
2,2,7,5,9,0,1,5,0,3,80.1,370.2069804,89.33622132
1,6,5,1,8,2,0,7,0,4,79.8,380.1352283,112.8953553
3,2,4,1,7,2,2,2,4,5,68.6,302.4887865,102.9492058
1,8,3,4,7,2,0,0,1,9,77.6,413.541148,372.933205
1,9,8,5,7,2,2,5,4,2,77.6,281.0933161,69.34413948
2,2,6,5,8,0,2,4,0,3,78.9,315.2061664,93.94595065
1,2,2,1,8,2,1,2,4,5,88.0,327.0074148,81.460788
1,3,3,2,4,1,2,6,1,3,89.2,405.4403459,87.80214462
1,7,7,6,4,2,2,2,1,3,72.8,285.7571366,87.80214462
1,3,5,6,5,1,2,1,1,6,95.2,960.7470303,73.10062573
2,7,6,5,5,1,1,5,3,4,85.8,379.2330971,85.64933259
1,7,5,2,7,2,2,3,1,6,48.2,272.7341456,106.554188
1,3,7,4,8,1,2,4,3,3,76.1,415.0243172,127.4397297
1,5,11,1,8,0,1,4,2,8,81.6,424.4852207,78.28836493
2,2,4,3,4,2,1,2,0,4,86.3,264.452818,81.460788
1,2,8,2,8,1,2,4,4,2,77.5,258.4916932,107.0192611
1,2,3,1,9,2,2,6,0,7,86.7,253.1848485,127.4397297
1,2,9,4,4,2,1,4,0,4,71.9,242.3407647,71.52628694
1,2,7,1,1,2,2,6,5,2,92.4,244.8868506,113.5974039
1,7,2,3,6,2,2,2,2,6,80.1,521.6443942,82.92437534
1,2,6,4,9,2,2,5,5,4,66.4,175.6777855,106.554188
2,2,5,1,8,0,1,2,5,7,55.0,278.7920197,161.7785752
1,3,7,5,7,2,2,4,4,8,81.6,424.4852207,78.28836493
1,6,3,5,8,0,2,8,2,8,81.7,465.5183719,144.3589814
1,3,5,1,8,1,2,3,0,2,88.5,210.4077596,127.4397297
1,2,4,1,7,0,2,2,4,9,95.3,914.4962356,73.10062573
1,3,6,1,10,1,1,2,2,2,73.8,246.155859,110.3108459
3,8,3,3,1,2,1,7,2,2,55.3,180.6842103,93.94595065
1,9,4,5,7,2,2,5,3,5,86.1,464.6573403,69.34413948
1,9,6,5,6,1,2,5,5,4,91.6,503.8288408,96.79696038
1,2,6,5,7,0,2,5,0,5,91.4,568.4796683,61.22939836
2,6,4,1,7,1,1,2,2,3,78.9,254.2155395,112.8953553
1,2,4,1,9,0,2,2,5,4,56.6,198.3131996,112.8953553
1,2,6,4,7,0,2,4,0,6,28.8,249.6176863,112.8953553
1,2,3,3,6,2,1,2,3,7,62.7,459.6985916,69.34413948
1,2,6,4,8,0,2,4,4,6,85.1,480.4077777,92.56137265
1,11,4,3,7,1,1,2,2,2,66.1,286.3614256,161.7785752
1,2,5,4,7,1,2,5,4,5,78.8,233.5163089,121.6670744
3,6,1,3,6,2,2,8,5,4,74.0,373.1459577,81.460788
3,2,3,3,8,2,2,2,4,1,81.5,388.3651306,81.460788
1,9,7,6,3,2,0,0,1,8,85.1,382.394133,77.02625332
1,3,6,5,7,0,2,5,5,10,95.6,422.6251898,69.34413948
1,2,5,1,10,0,2,5,5,9,86.6,416.2383848,78.28836493
1,6,2,4,5,2,2,8,0,3,89.2,405.4403459,87.80214462
1,2,5,4,8,2,2,2,4,9,85.2,302.3566345,59.12433069
1,3,7,5,8,0,2,5,5,8,85.7,248.8260142,71.52628694
1,5,12,4,5,2,2,4,2,6,81.0,443.6070744,93.94595065
2,8,8,2,10,2,2,1,0,2,93.2,351.4316316,92.56137265
2,3,4,2,4,2,2,4,0,4,93.1,205.4544738,112.8953553
2,2,7,5,7,2,2,5,5,7,83.7,295.4623519,78.28836493
2,2,3,1,7,2,2,2,4,3,55.7,313.6281544,102.9492058
1,6,3,3,6,2,2,2,0,5,74.6,289.413251,106.554188
1,2,8,2,8,2,2,5,0,9,98.0,535.9539143,77.02625332
1,7,4,1,9,0,2,5,5,4,89.8,438.8166811,372.933205
1,2,4,1,7,2,1,2,3,4,83.3,313.4991137,161.7785752
1,2,5,4,7,2,2,2,4,6,39.3,150.6455461,161.7785752
2,3,2,4,7,2,2,8,0,4,88.0,566.555378,75.01260027
1,3,2,2,7,2,1,2,1,5,93.9,252.7094037,82.92437534
1,8,6,6,6,2,0,3,0,5,72.4,368.3446037,81.460788
1,8,7,2,5,2,2,1,1,2,60.0,283.4253062,85.64933259
1,8,7,2,4,2,1,1,1,5,50.2,193.3377661,121.6670744
1,2,2,3,6,2,2,2,2,3,88.5,210.4077596,127.4397297
2,7,4,2,8,2,2,3,0,7,89.8,438.8166811,372.933205
1,2,5,5,10,0,2,2,4,3,69.7,225.5575184,121.6670744
1,3,5,6,5,1,2,2,1,6,94.9,587.1728851,93.94595065
1,3,6,5,6,2,2,2,4,6,81.5,971.8237914,61.22939836
1,2,6,5,8,0,2,4,4,2,75.6,466.4038466,96.79696038
2,5,10,1,8,1,2,5,4,8,90.3,263.6342935,71.52628694
1,5,10,1,9,0,2,5,0,10,88.0,327.0074148,81.460788
1,2,5,2,8,1,2,2,0,3,80.4,165.8940487,110.3108459
1,2,2,3,8,1,2,3,2,2,92.0,311.6815792,69.34413948
1,2,7,1,5,2,2,2,0,5,87.5,347.5585172,89.33622132
1,3,7,4,8,2,2,7,3,2,57.5,228.9152562,112.8953553
2,2,8,5,6,0,2,4,5,2,70.7,282.0495154,112.8953553
1,2,8,5,7,1,2,5,3,6,90.6,699.9594317,82.92437534
1,7,6,6,5,2,2,0,1,8,96.1,578.1108645,64.7356604
1,2,3,3,8,0,2,2,0,4,88.5,253.4019849,107.0192611
1,3,5,5,9,2,2,5,5,4,86.1,400.395446,71.52628694
1,3,5,5,8,0,2,5,5,7,96.4,504.5082864,64.7356604
1,2,7,5,8,0,2,5,5,9,83.6,1281.841905,77.02625332
1,2,8,2,4,2,2,1,3,4,74.3,285.6464107,93.94595065
1,2,7,1,8,0,2,5,0,4,98.1,623.8264751,92.56137265
1,8,2,4,8,2,2,3,1,1,48.9,176.6483453,121.6670744
1,3,4,6,8,0,2,1,2,6,74.4,195.0558595,113.5974039
1,8,4,6,5,2,0,1,2,7,79.7,256.3313624,64.10579525
1,2,4,4,3,2,0,1,3,1,59.5,212.6461234,372.933205
1,2,4,1,8,0,1,5,5,3,86.0,377.2491965,127.4397297
1,2,5,3,7,2,1,5,4,10,92.9,452.5629203,64.10579525
1,2,3,1,9,1,1,2,5,7,58.3,372.8135629,75.01260027
2,3,5,5,7,2,2,2,0,2,70.0,237.9715672,96.13295825
1,6,5,5,10,0,2,3,3,8,81.7,465.5183719,144.3589814
2,2,6,5,8,0,2,5,5,7,82.7,273.3212368,81.460788
2,2,6,5,7,2,1,5,5,9,93.9,428.7586748,59.12433069
1,2,4,2,8,2,2,5,5,8,65.6,445.4240359,87.80214462
1,3,5,2,7,2,1,2,0,1,50.2,193.3377661,121.6670744
1,3,5,2,3,2,1,8,2,4,65.8,465.2893145,64.46313682
1,3,6,4,6,2,2,4,5,9,82.9,317.4592347,59.12433069
1,2,3,3,7,1,2,2,3,7,82.6,239.2184884,85.64933259
2,2,3,1,8,2,2,6,4,2,86.0,285.9620554,102.9492058
1,3,4,2,8,1,2,5,4,3,93.4,435.3831402,82.92437534
1,2,6,4,9,0,1,5,4,2,79.1,489.4121318,82.92437534
1,2,5,1,9,2,2,8,1,6,86.8,551.627162,59.12433069
1,4,6,2,6,2,1,0,1,4,76.9,222.5971968,81.460788
1,2,5,2,6,2,2,3,0,9,87.7,552.1392023,372.933205
2,3,8,4,10,0,2,6,0,4,79.0,376.6616313,85.64933259
2,3,3,5,10,2,2,1,1,3,79.7,350.5739049,77.02625332
1,8,9,4,8,2,2,2,2,4,89.7,535.3999691,78.28836493
2,2,4,2,3,0,1,0,0,8,95.3,805.2251128,87.80214462
2,6,4,1,8,0,2,3,1,2,93.7,557.6200615,73.74327005
1,9,5,5,4,2,2,3,0,5,89.2,387.3482353,75.01260027
1,2,6,5,8,2,1,3,0,2,88.7,529.836016,93.94595065
1,7,7,6,4,2,1,3,1,5,89.2,726.735366,82.92437534
2,2,7,3,7,2,2,2,0,7,91.0,823.9471287,89.33622132
1,6,3,1,8,0,2,2,4,5,85.2,213.1330319,372.933205
1,2,2,1,7,1,2,2,2,6,87.1,588.6223879,75.01260027
1,2,6,6,8,2,2,3,1,8,98.0,535.9539143,77.02625332
1,3,8,2,8,1,1,5,4,4,89.4,293.9610116,93.94595065
1,2,2,2,8,1,1,0,5,8,85.5,402.67,71.52628694
2,2,6,1,7,1,2,2,4,4,82.2,250.1756512,121.6670744
1,8,7,5,5,2,2,2,2,7,94.0,611.7131769,64.7356604
1,2,5,4,7,1,2,5,5,4,43.9,220.1948865,161.7785752
1,2,3,1,9,2,1,2,5,9,91.3,410.1128687,69.34413948
1,7,8,1,4,2,2,4,5,3,74.5,716.0455818,87.80214462
0,3,6,6,5,2,2,2,4,8,82.9,651.0084435,61.22939836
1,2,5,4,8,0,1,5,4,4,85.3,279.6337094,82.92437534
2,7,5,5,8,2,2,3,1,7,82.9,317.4592347,59.12433069
0,8,6,4,2,2,2,2,0,5,78.8,290.839218,161.7785752
2,2,9,3,7,2,2,2,3,10,94.3,454.3773649,64.10579525
1,2,3,1,7,2,1,2,4,7,89.5,243.8631174,64.7356604
1,2,5,5,10,2,2,1,3,4,85.8,379.2330971,85.64933259
1,2,6,1,9,0,2,5,5,6,86.3,202.8169233,87.80214462
1,2,9,1,10,0,2,4,4,7,60.7,581.1251651,61.22939836
2,3,4,3,7,1,1,6,0,4,30.6,175.682866,127.4397297
2,5,11,1,5,2,2,0,1,3,78.9,350.6540443,96.79696038
1,7,4,6,3,2,1,2,1,5,91.7,315.5258907,87.80214462
2,2,6,5,6,2,2,2,3,3,93.4,190.4754795,102.9492058
2,2,6,1,7,2,1,2,1,4,85.3,539.0898429,87.80214462
1,2,2,3,7,1,2,2,4,7,83.0,480.181777,75.01260027
1,3,7,5,8,0,2,5,3,5,29.7,251.602269,96.79696038
1,7,2,6,8,1,0,2,1,3,67.8,879.1669964,87.80214462
2,2,6,5,8,2,2,0,5,8,29.7,251.602269,96.79696038
1,2,3,3,7,1,2,2,5,5,80.1,217.2005439,107.0192611
1,9,6,2,1,2,1,3,1,2,81.1,225.7725295,113.5974039
1,2,8,5,6,2,1,5,3,2,65.9,281.6429255,81.460788
1,2,2,3,9,2,1,2,5,3,78.8,154.3225881,106.554188
2,2,3,5,9,0,1,2,2,3,87.7,477.3882784,89.33622132
1,9,7,1,8,1,2,5,0,9,96.2,320.3804147,75.01260027
2,2,5,1,6,2,2,5,5,6,86.2,238.4656339,107.0192611
1,6,5,5,7,2,2,5,0,5,90.9,1363.62197,73.10062573
2,8,10,6,2,2,2,2,1,4,93.0,532.9147208,77.02625332
1,2,7,4,5,0,2,5,4,9,85.6,312.9498369,64.7356604
1,2,7,4,8,0,2,5,5,3,72.8,285.7571366,87.80214462
1,2,3,4,9,1,1,2,4,4,49.7,490.7903548,102.9492058
1,9,6,5,8,1,2,5,4,4,79.3,434.1895906,71.52628694
1,2,3,4,4,2,2,2,3,6,80.1,521.6443942,82.92437534
1,3,6,5,8,0,2,5,5,5,95.4,264.5384905,102.9492058
1,6,2,3,7,1,2,8,1,2,40.1,248.0655072,107.0192611
1,2,5,5,5,1,2,5,0,2,91.0,269.7703135,127.4397297
1,7,5,5,5,1,1,1,2,3,79.9,260.8400465,161.7785752
1,2,5,5,8,1,1,5,5,2,88.4,432.918309,87.80214462
1,2,4,4,6,2,2,2,3,5,93.5,356.7285953,89.33622132
0,2,6,5,10,0,2,2,4,3,82.5,362.4532985,77.02625332
1,2,8,1,7,2,0,2,3,10,87.1,408.6119916,59.12433069
1,2,3,1,8,0,2,5,5,6,71.4,310.6722033,73.10062573
2,2,4,4,8,2,1,5,0,4,36.1,231.9022499,106.554188
2,8,7,4,5,2,2,3,1,3,47.8,315.3166819,75.01260027
1,9,6,5,6,2,2,5,0,9,68.5,503.0448939,372.933205
1,5,12,4,8,0,2,3,0,4,89.0,208.8943907,69.34413948
1,2,5,6,8,1,2,5,3,5,84.7,358.3771119,73.74327005
1,9,2,6,7,2,1,2,2,4,81.1,261.2882823,93.94595065
1,2,8,4,8,2,2,2,1,3,94.7,199.5284734,93.94595065
1,3,6,6,7,2,2,1,0,4,80.1,521.6443942,82.92437534
2,2,6,1,8,0,1,4,0,6,87.1,588.6223879,75.01260027
1,3,7,5,8,0,2,1,2,2,74.0,624.9784193,144.3589814
1,2,6,5,4,2,0,2,2,6,78.3,271.2329503,96.79696038
1,2,3,4,8,2,1,2,3,5,62.1,220.5507783,93.94595065
2,2,5,5,9,0,2,5,5,10,73.1,814.7140228,64.7356604
2,2,9,4,7,2,2,2,4,8,75.7,557.9557642,77.02625332
1,7,6,2,5,0,1,4,1,4,81.1,225.7725295,113.5974039
1,3,5,5,4,2,2,0,1,1,35.8,406.4771433,372.933205
1,9,4,5,9,0,2,2,0,9,77.3,242.9118031,61.22939836
1,3,5,5,10,2,2,4,5,3,78.1,221.6225912,121.6670744
1,2,3,1,7,2,0,2,4,2,76.6,186.3648458,110.3108459
1,3,3,5,3,1,2,2,4,3,85.7,364.2087794,107.0192611
2,2,4,1,9,0,2,2,3,2,52.2,157.773891,106.554188
1,7,5,6,8,0,2,3,1,2,96.4,317.2234659,64.10579525
1,2,5,1,9,0,2,5,5,6,74.5,716.0455818,87.80214462
1,3,5,5,8,0,2,5,0,10,90.7,353.8252072,87.80214462
1,2,7,5,7,0,2,4,5,5,87.2,735.8720486,96.79696038
2,7,6,4,9,2,2,2,2,3,82.0,264.3229675,127.4397297
2,2,8,2,9,0,2,5,5,6,96.7,331.2468311,81.460788
2,2,2,3,8,2,2,2,2,7,50.1,211.6155909,96.79696038
1,2,8,5,7,0,2,5,4,7,93.2,279.0650321,78.28836493
1,2,6,4,8,1,1,0,0,4,77.9,250.1292055,113.5974039
1,2,3,3,8,2,2,2,5,6,77.2,239.5692645,81.460788
1,3,4,1,7,2,1,2,2,2,63.8,310.18823,106.554188
1,2,2,4,6,2,2,5,3,3,49.3,165.0903549,106.554188
2,3,3,2,9,1,2,4,5,6,74.5,388.1308043,89.33622132
1,2,3,3,8,1,2,6,3,5,71.4,162.400739,113.5974039
1,3,2,4,8,2,2,2,1,3,61.1,154.7604152,127.4397297
2,2,8,2,8,0,2,4,0,9,98.0,535.9539143,77.02625332
2,2,3,1,10,0,0,4,5,2,74.5,406.252765,71.52628694
1,3,5,6,9,1,2,2,1,2,83.1,488.5110043,96.79696038
2,4,8,1,8,0,1,2,5,8,56.3,345.1142981,161.7785752
1,2,5,5,6,0,2,6,3,8,76.9,225.6173672,112.8953553
2,3,6,4,8,2,2,4,2,5,78.2,491.4274889,96.79696038
1,2,3,1,8,0,1,4,0,3,97.5,165.4071761,87.80214462
1,9,6,5,8,0,2,5,3,4,89.5,408.4313626,78.28836493
1,7,5,5,1,2,1,3,1,3,76.9,287.6973546,85.64933259
1,8,6,2,10,2,2,2,1,3,56.8,273.105102,93.94595065
2,4,7,4,6,0,1,1,4,4,56.2,255.1615328,112.8953553
1,2,4,1,8,2,2,2,5,4,78.8,233.5163089,121.6670744
1,9,6,5,7,2,2,2,5,5,95.6,217.9870988,87.80214462
1,5,11,1,9,0,1,4,5,10,82.9,240.109121,59.12433069
2,2,4,4,8,0,2,2,5,7,82.8,372.6382826,85.64933259
1,2,4,4,6,2,1,3,3,2,74.2,220.0506887,75.01260027
0,5,10,2,5,2,2,3,0,3,19.8,312.8679601,127.4397297
2,6,1,2,8,1,2,1,0,2,96.4,317.2234659,64.10579525
1,2,4,1,6,2,2,2,4,4,86.2,238.4656339,107.0192611
2,2,7,5,8,0,2,5,1,3,86.0,465.4614689,96.13295825
1,6,2,3,6,2,1,2,1,9,90.9,431.9664867,110.3108459
1,9,4,5,8,2,1,2,4,3,85.9,387.7488934,96.79696038
1,2,2,3,8,0,2,3,2,3,52.5,109.283767,106.554188
1,2,2,3,6,1,1,2,4,7,71.6,497.9185474,113.5974039
2,2,4,3,7,2,2,2,2,3,82.9,314.3614614,87.80214462
1,9,4,6,6,2,2,2,3,4,86.2,126.9061471,127.4397297
1,9,5,5,10,0,2,2,2,4,91.6,503.8288408,96.79696038
2,2,9,3,2,2,0,6,2,6,60.7,581.1251651,61.22939836
2,2,8,5,2,2,2,5,2,7,89.7,238.2959397,64.10579525
0,3,9,3,5,2,0,3,1,4,87.3,578.6153528,372.933205
1,2,2,3,7,2,2,2,4,4,49.3,165.0903549,106.554188
1,3,4,1,8,2,1,2,2,4,93.5,356.7285953,89.33622132
2,7,7,4,4,2,2,2,1,3,74.2,220.0506887,75.01260027
1,6,1,2,10,2,2,1,0,4,88.0,566.555378,75.01260027
1,2,5,4,5,2,0,2,2,3,98.2,248.1116787,110.3108459
1,3,3,2,8,1,1,3,2,3,75.8,208.1437863,121.6670744
1,7,6,5,8,0,2,4,1,7,85.9,231.8763801,71.52628694
1,3,7,6,5,2,2,5,2,9,91.3,410.1128687,69.34413948
1,9,7,5,7,1,2,5,4,6,92.9,574.2612554,78.28836493
1,9,8,2,10,0,2,0,1,8,93.9,331.8067901,78.28836493
1,2,3,1,8,0,2,2,5,3,56.6,198.3131996,112.8953553
1,9,5,5,4,2,2,1,0,2,80.1,217.2005439,107.0192611
1,9,4,6,6,2,2,2,1,3,87.7,477.3882784,89.33622132
2,2,5,5,8,2,2,4,5,4,76.9,317.4000186,85.64933259
1,5,1,6,7,2,2,5,2,2,48.2,272.7341456,106.554188
1,6,6,4,8,1,2,4,1,7,72.4,368.3446037,81.460788
1,3,7,4,7,2,2,5,2,6,48.2,272.7341456,106.554188
1,3,4,5,9,2,0,5,2,4,82.9,314.3614614,87.80214462
1,2,3,1,8,2,1,5,5,3,49.3,165.0903549,106.554188
1,8,10,4,4,2,1,3,1,2,94.7,199.5284734,93.94595065
2,2,2,3,7,2,2,2,3,4,89.4,346.1284687,110.3108459
2,5,9,2,8,2,2,5,5,5,86.3,886.5337803,96.79696038
1,2,4,3,8,1,2,2,4,2,84.9,238.6198735,107.0192611
1,9,4,5,8,2,2,0,3,4,79.7,174.7262071,69.34413948
1,7,5,4,5,2,2,1,0,2,63.2,217.5237737,121.6670744
2,2,4,4,8,2,1,2,4,4,93.9,252.7094037,82.92437534
1,3,4,5,8,1,2,5,5,6,90.9,1452.36234,73.74327005
1,3,7,2,5,1,1,0,1,3,47.8,315.3166819,75.01260027
1,4,8,1,7,0,2,5,0,8,90.7,209.4413019,81.460788
1,3,10,1,6,0,2,4,4,10,91.4,469.2793215,59.12433069
1,3,6,6,9,1,1,2,2,6,80.9,485.4272489,71.52628694
1,2,3,1,6,2,1,2,5,3,87.6,224.5906916,121.6670744
1,2,9,1,8,1,2,5,5,7,87.3,578.6153528,372.933205
1,2,4,1,9,1,1,2,5,8,66.2,408.9015291,75.01260027
1,2,8,2,7,2,1,1,3,2,63.5,350.3166793,107.0192611
1,3,7,6,10,2,2,5,3,4,19.8,312.8679601,127.4397297
1,3,4,4,4,2,1,6,1,7,82.5,236.0967296,71.52628694
1,2,5,3,7,2,2,5,4,2,63.8,310.18823,106.554188
1,2,6,5,7,2,2,2,4,9,85.5,402.67,71.52628694
1,6,2,3,8,1,2,0,1,3,61.8,173.106062,112.8953553
1,7,5,6,7,2,1,1,2,4,75.3,303.8056881,93.94595065
2,2,4,1,8,0,1,2,5,2,86.5,506.8120876,144.3589814
1,2,3,1,7,2,2,2,5,2,80.5,210.527922,127.4397297
1,7,6,3,8,2,2,2,1,3,87.5,271.3382244,372.933205
1,3,8,5,5,2,2,5,5,6,84.3,449.5503527,107.0192611
1,2,9,5,6,2,2,2,5,9,94.4,629.8945102,64.10579525
1,3,5,5,8,2,2,0,0,7,69.3,586.4488115,71.52628694
1,5,8,4,10,0,2,3,1,4,94.9,646.4132979,89.33622132
1,2,5,4,7,2,1,2,2,5,83.4,366.3997512,71.52628694
2,8,5,5,8,2,1,1,1,2,93.7,557.6200615,73.74327005
1,3,6,2,10,2,2,5,0,8,85.7,248.8260142,71.52628694
1,5,5,6,5,0,2,1,1,4,76.9,222.5971968,81.460788
1,3,5,2,10,0,1,1,0,3,60.8,302.2411379,112.8953553
1,2,7,4,5,2,2,5,4,3,79.1,489.4121318,82.92437534
2,13,3,1,7,1,1,2,0,5,28.8,249.6176863,112.8953553
1,2,8,5,8,0,2,5,4,8,91.6,475.5271172,75.01260027
1,3,3,5,7,2,1,1,2,4,69.2,416.4294175,71.52628694
1,2,3,5,3,2,1,2,3,5,80.1,217.2005439,107.0192611
1,3,4,6,2,2,0,2,1,3,68.2,215.1849939,106.554188
2,2,5,5,7,2,1,5,0,6,87.7,571.2292251,77.02625332
1,2,5,5,9,0,2,5,5,2,90.8,231.1314767,102.9492058
0,9,4,5,5,2,2,2,4,4,83.1,488.5110043,96.79696038
1,9,4,5,8,2,2,5,0,2,89.4,407.033161,102.9492058
1,8,9,6,5,2,0,1,1,4,96.0,416.7715212,82.92437534
1,2,8,5,9,1,2,5,4,2,85.5,234.4239849,113.5974039
1,2,4,6,7,2,1,2,2,3,82.9,314.3614614,87.80214462
1,6,3,2,8,2,1,1,1,3,55.7,313.6281544,102.9492058
1,3,4,6,7,2,2,2,1,6,93.1,205.4544738,112.8953553
1,2,5,3,6,2,2,0,4,4,39.8,309.1202122,372.933205
1,7,10,2,9,0,0,4,0,3,82.7,496.9941142,92.56137265
1,6,4,1,7,2,2,2,2,2,74.4,195.0558595,113.5974039
1,3,3,1,8,2,2,2,4,4,84.9,238.6198735,107.0192611
1,2,3,2,4,2,2,4,0,4,93.8,270.8615367,96.79696038
2,2,3,1,8,1,1,2,3,4,73.8,246.155859,110.3108459
2,2,5,5,9,1,2,4,5,4,56.6,198.3131996,112.8953553
1,2,4,3,8,1,2,2,3,3,87.6,224.5906916,121.6670744
1,2,5,2,7,2,1,5,2,4,92.6,323.3037533,102.9492058
1,2,7,5,8,0,2,5,5,5,80.9,516.2722582,96.79696038
1,2,7,5,8,0,2,5,5,8,96.2,523.4288408,61.22939836
1,2,2,3,7,2,1,2,0,2,73.8,275.6136959,102.9492058
1,2,7,4,7,2,2,7,2,5,51.6,426.6566447,372.933205
1,2,6,5,9,0,1,5,0,7,81.7,349.6899188,89.33622132
1,2,2,1,7,2,0,2,3,3,51.0,205.3602516,93.94595065
2,2,4,5,9,0,2,5,0,8,93.9,331.8067901,78.28836493
1,2,6,4,3,2,0,2,3,3,61.1,154.7604152,127.4397297
1,7,4,3,1,2,0,2,1,6,96.0,340.3336151,93.94595065
2,2,4,1,7,1,2,2,3,8,77.9,703.5278202,73.10062573
1,2,5,5,10,0,2,2,0,8,85.7,598.699688,69.34413948
1,2,9,5,7,0,1,5,5,6,87.7,284.6177031,81.460788
1,7,3,1,3,2,2,2,3,8,71.8,554.1735695,161.7785752
2,6,1,2,8,0,2,5,0,8,96.0,447.1174424,64.46313682
1,2,8,2,7,2,2,4,0,3,90.3,546.8897438,82.92437534
1,3,7,5,7,2,2,5,5,2,77.3,278.9395101,110.3108459
3,3,3,4,6,2,2,4,1,3,79.8,247.2901421,87.80214462
1,3,6,1,8,2,2,5,3,8,93.9,331.8067901,78.28836493
1,6,3,5,10,0,2,6,3,2,77.7,166.8381638,112.8953553
2,2,9,5,8,2,2,5,5,8,97.0,942.7296631,92.56137265
1,3,5,5,10,2,2,2,5,5,77.4,318.7759954,127.4397297
1,5,10,4,8,0,2,5,0,6,57.0,129.1527893,107.0192611
1,3,9,2,5,2,0,3,1,2,70.1,166.2330792,89.33622132
1,6,3,3,8,0,1,5,2,7,91.0,269.7703135,127.4397297
1,5,11,4,6,2,1,2,1,3,78.9,315.2061664,93.94595065
1,3,10,4,9,0,1,3,2,5,91.7,315.5258907,87.80214462
2,2,4,5,8,0,2,5,0,7,89.4,293.9610116,93.94595065
2,3,6,5,9,0,2,4,5,4,52.0,380.0074949,75.01260027
1,2,5,4,7,2,2,5,4,3,47.0,358.4976159,87.80214462
1,3,4,5,9,0,2,2,5,8,81.9,402.637321,75.01260027
2,2,7,5,6,2,2,1,2,3,43.9,220.1948865,161.7785752
1,3,8,5,8,1,2,5,1,9,83.7,547.2337033,64.7356604
1,3,5,1,8,0,2,4,3,5,83.9,607.769805,81.460788
2,2,5,5,7,0,2,5,4,6,94.5,359.0248844,64.10579525
1,3,5,1,5,2,2,2,2,8,79.1,622.7682568,64.10579525
1,9,5,5,8,0,2,2,2,6,93.9,252.7094037,82.92437534
1,2,9,5,6,1,1,0,3,4,46.3,319.8557635,372.933205
1,3,5,1,5,0,2,5,1,7,78.9,321.3111848,64.7356604
1,2,9,6,6,2,1,5,3,2,88.8,397.9618259,96.79696038
1,2,6,4,7,2,2,5,4,3,84.8,363.8873428,110.3108459
1,6,3,3,8,2,2,8,1,3,92.0,360.0336794,82.92437534
1,2,6,5,6,1,2,5,4,6,89.1,383.4034609,92.56137265
2,3,3,2,7,2,2,2,3,4,66.1,286.3614256,161.7785752
1,7,5,6,10,1,2,3,1,3,47.8,315.3166819,75.01260027
1,2,9,3,6,2,2,1,3,3,77.4,318.7759954,127.4397297
1,3,5,1,6,1,2,2,3,4,79.1,489.4121318,82.92437534
2,8,6,3,1,2,1,7,0,3,77.9,520.1480035,78.28836493
1,9,5,5,5,2,2,2,0,4,78.2,405.5889264,82.92437534
1,2,10,5,7,2,1,1,0,9,85.6,312.9498369,64.7356604
2,3,5,5,10,0,2,3,2,9,73.3,782.5918817,71.52628694
1,2,9,1,8,2,2,1,1,10,76.6,391.6141045,161.7785752
1,9,5,5,8,0,2,4,5,9,39.8,209.305753,372.933205
1,2,4,4,1,2,1,4,4,3,47.0,358.4976159,87.80214462
1,9,7,5,8,2,2,5,2,4,78.1,766.6577967,77.02625332
1,7,5,5,7,2,2,2,3,1,81.6,280.3949863,121.6670744
1,9,3,1,10,1,1,2,0,4,77.9,250.1292055,113.5974039
1,2,5,6,5,2,1,3,3,6,66.0,294.2263877,113.5974039
2,6,2,3,8,2,2,8,1,5,90.2,360.3959185,81.460788
1,5,10,4,4,2,2,5,1,2,80.7,325.2688033,75.01260027
0,2,2,4,8,2,2,6,0,4,87.1,415.9009826,81.460788
1,2,5,3,8,1,1,5,5,5,90.3,546.8897438,82.92437534
1,8,10,1,7,1,1,3,4,4,93.9,243.2854096,64.7356604
2,2,5,1,7,0,1,5,4,3,93.9,509.8237795,93.94595065
2,6,2,2,6,2,0,1,1,4,91.0,391.6311999,78.28836493
1,6,7,5,8,0,1,3,4,3,71.6,482.4405375,71.52628694
1,9,6,5,7,2,2,5,0,7,96.4,504.5082864,64.7356604
1,6,1,2,7,2,1,0,1,3,78.1,221.6225912,121.6670744
2,2,6,1,7,1,2,5,4,8,85.6,514.791856,73.10062573
1,3,3,6,6,2,2,1,2,3,62.1,220.5507783,93.94595065
1,3,4,4,8,1,2,8,0,6,41.7,461.1116671,161.7785752
1,9,6,5,6,2,2,3,2,6,82.7,219.7847208,144.3589814
3,3,4,5,7,2,2,4,0,4,81.8,234.9155042,127.4397297
1,2,5,6,7,1,2,5,0,9,95.9,737.2153474,64.10579525
1,2,3,5,5,2,2,2,2,3,90.8,231.1314767,102.9492058
1,6,2,2,5,0,1,6,1,5,69.3,586.4488115,71.52628694
2,2,4,6,4,2,2,1,1,8,89.8,438.8166811,372.933205
1,2,5,5,7,2,2,5,0,4,86.7,689.917067,89.33622132
1,7,5,5,9,0,2,2,4,3,93.2,249.9719801,82.92437534
1,9,5,5,5,2,1,0,0,7,93.9,428.7586748,59.12433069
2,5,13,1,9,0,2,4,5,9,95.2,1245.267534,69.34413948
1,3,5,6,8,1,1,3,0,4,77.6,281.0933161,69.34413948
1,2,4,1,9,0,2,2,5,2,60.0,283.4253062,85.64933259
2,2,5,5,9,2,2,5,4,6,95.1,341.0629634,82.92437534
1,2,2,3,10,0,2,2,3,5,70.4,204.7044497,161.7785752
1,5,10,6,8,2,2,4,2,3,84.4,616.0567504,77.02625332
2,8,8,4,5,2,2,4,1,2,94.4,356.0865478,87.80214462
1,9,5,5,6,1,2,1,3,2,70.7,282.0495154,112.8953553
1,7,2,1,8,2,1,0,1,4,85.0,138.0746187,106.554188
2,2,6,5,7,0,1,5,5,4,86.6,416.2383848,78.28836493
1,3,5,5,5,2,2,5,0,2,83.5,449.266961,87.80214462
2,7,10,4,10,0,2,0,1,7,94.6,329.925593,92.56137265
1,3,3,3,9,0,2,2,2,5,72.3,258.9498126,93.94595065
2,2,9,2,8,2,1,2,4,3,65.7,302.3541312,121.6670744
1,3,7,4,9,1,2,4,1,9,81.9,367.695889,73.10062573
1,7,4,1,5,2,1,5,4,1,68.0,371.6602911,127.4397297
2,2,5,3,8,0,1,2,2,2,93.7,257.5870392,73.74327005
1,7,4,5,7,2,2,2,0,3,42.2,285.2304662,106.554188
1,2,5,5,10,0,2,5,5,9,94.1,271.7982514,77.02625332
1,2,5,4,7,2,2,5,4,6,93.1,205.4544738,112.8953553
2,7,5,5,8,2,2,1,1,3,63.8,310.18823,106.554188
1,2,6,5,5,2,2,1,4,3,91.0,823.9471287,89.33622132
1,3,5,6,5,0,2,2,1,4,69.2,234.2804876,75.01260027
1,2,8,6,3,2,0,5,4,3,93.2,474.1098868,93.94595065
1,2,4,1,10,0,2,2,0,5,60.2,434.2260975,64.46313682
2,5,8,4,9,2,1,3,1,4,75.7,448.5867734,81.460788
1,2,5,4,7,2,1,5,0,4,99.2,522.3417809,93.94595065
2,3,4,5,6,0,2,2,2,4,80.1,370.2069804,89.33622132
1,3,6,3,5,2,1,2,2,3,69.7,225.5575184,121.6670744
2,2,4,5,9,2,2,2,5,3,70.5,176.4223562,106.554188
2,2,4,1,8,0,1,2,5,5,61.3,118.9556881,106.554188
1,2,4,4,7,2,1,5,5,6,84.8,600.632258,64.10579525
1,2,3,3,7,2,1,2,4,3,78.1,221.6225912,121.6670744
1,3,5,1,8,2,2,2,0,6,32.5,314.3061344,161.7785752
1,8,8,2,5,0,2,1,2,3,69.2,416.4294175,71.52628694
1,6,2,4,9,1,2,2,0,3,86.5,219.2024218,127.4397297
1,2,5,6,7,0,2,3,3,2,80.2,295.2086276,93.94595065
1,2,4,5,6,1,2,5,4,3,56.8,273.105102,93.94595065
1,3,5,5,9,2,2,1,1,3,82.0,264.3229675,127.4397297
1,2,2,3,7,2,2,2,3,4,79.6,312.277743,113.5974039
1,3,8,1,7,2,2,4,5,9,76.9,225.6173672,112.8953553
1,2,6,5,10,1,2,3,4,3,60.0,283.4253062,85.64933259
1,6,2,3,8,2,2,1,1,3,75.7,448.5867734,81.460788
2,2,5,5,8,0,2,2,3,5,92.0,280.7112921,113.5974039
1,5,13,1,7,2,2,4,4,3,63.9,125.960639,127.4397297
1,3,8,2,10,0,2,5,2,5,84.9,285.5502166,81.460788
1,2,4,1,6,2,2,5,5,4,90.3,388.9405611,161.7785752
1,2,2,2,6,2,2,4,3,7,81.5,971.8237914,61.22939836
1,2,5,6,8,1,2,5,5,2,77.2,239.5692645,81.460788
2,2,2,2,8,2,2,3,3,2,70.5,171.9783644,107.0192611
1,7,4,4,3,2,2,3,1,2,63.2,217.5237737,121.6670744
1,2,3,5,8,2,2,2,3,9,94.3,454.3773649,64.10579525
1,8,5,5,7,1,1,3,0,3,63.9,125.960639,127.4397297
1,8,5,6,5,2,2,3,2,2,60.8,302.2411379,112.8953553
2,5,4,2,1,2,2,2,3,4,85.5,284.6181189,81.460788
1,2,4,2,4,2,1,1,1,2,90.0,478.5270103,96.79696038
1,2,3,1,8,2,2,2,4,3,82.1,171.6109725,106.554188
1,2,6,4,9,0,2,4,3,6,88.0,525.2892356,64.10579525
1,2,3,4,8,0,2,5,3,6,79.3,434.1895906,71.52628694
1,2,9,2,8,1,1,4,0,6,82.6,239.2184884,85.64933259
1,7,4,5,8,2,2,5,1,3,19.8,312.8679601,127.4397297
1,3,7,4,7,1,2,5,1,6,96.4,504.5082864,64.7356604
1,9,4,5,7,1,2,5,5,2,60.0,283.4253062,85.64933259
1,8,5,2,1,2,1,3,1,5,90.1,269.2143678,93.94595065
1,8,7,1,6,2,1,1,2,2,89.0,208.8943907,69.34413948
1,6,2,3,9,2,2,2,0,3,86.0,465.4614689,96.13295825
1,7,6,1,7,0,2,2,0,1,62.8,292.7309746,121.6670744
1,2,7,4,7,2,2,4,5,1,74.0,624.9784193,144.3589814
1,3,2,3,8,1,2,0,1,7,90.2,360.3959185,81.460788
1,6,2,6,6,1,2,8,1,8,65.6,445.4240359,87.80214462
2,3,7,4,5,2,2,2,1,2,94.7,199.5284734,93.94595065
2,2,5,4,10,0,2,2,5,2,63.9,125.960639,127.4397297
1,2,2,2,6,2,1,2,3,2,50.1,211.6155909,96.79696038
1,2,2,3,7,1,1,2,5,6,41.7,461.1116671,161.7785752
2,2,5,5,7,2,2,5,5,5,78.1,379.6208809,85.64933259
1,3,5,5,8,2,2,5,5,9,87.6,372.7339508,69.34413948
1,9,4,5,8,2,2,5,3,7,74.5,425.6907751,64.46313682
2,9,9,5,3,2,1,5,5,6,79.9,575.4568208,87.80214462
2,2,6,1,8,0,2,5,5,3,67.0,441.4519395,102.9492058
0,6,4,2,9,1,2,6,1,9,87.5,414.0255496,64.7356604
1,8,9,4,4,2,2,3,1,2,63.8,310.18823,106.554188
1,2,6,5,8,0,2,5,5,3,86.5,185.1511631,112.8953553
2,2,3,1,8,1,2,2,5,8,39.8,209.305753,372.933205
1,2,8,2,6,0,2,5,2,3,86.7,427.6443798,89.33622132
1,7,3,5,7,2,1,1,2,6,91.6,1192.010409,77.02625332
2,2,8,5,9,0,2,4,5,8,79.5,196.7858868,92.56137265
1,3,6,5,8,2,1,5,4,2,95.8,315.7678125,96.13295825
1,2,8,1,8,2,2,4,5,6,89.9,256.5943745,87.80214462
1,8,8,4,4,2,1,1,2,6,71.9,304.440093,71.52628694
2,5,13,2,6,0,0,4,1,4,81.1,225.7725295,113.5974039
1,2,6,5,8,0,2,5,5,5,98.1,405.6412353,64.46313682
2,2,5,5,7,2,2,2,5,5,74.5,716.0455818,87.80214462
1,3,6,4,10,0,1,2,1,8,88.2,388.1873739,113.5974039
1,2,5,1,9,0,1,2,5,2,75.0,182.5117189,82.92437534
1,2,7,5,6,0,2,5,5,5,48.5,246.4931877,75.01260027
1,3,7,5,9,2,2,4,0,8,90.1,352.6802895,73.10062573
2,2,8,4,7,2,2,2,3,4,90.3,546.8897438,82.92437534
1,2,4,1,7,0,2,2,3,4,87.1,415.9009826,81.460788
1,2,5,1,3,2,0,2,0,2,76.6,186.3648458,110.3108459
1,7,3,2,6,2,1,4,2,9,90.7,209.4413019,81.460788
1,8,9,2,3,1,2,5,1,10,88.0,525.2892356,64.10579525
1,3,11,1,8,0,2,3,2,3,84.5,237.3933704,107.0192611
1,6,1,3,7,2,2,8,0,3,90.5,330.4398558,121.6670744
1,3,5,2,7,2,2,4,2,3,92.8,298.0391837,110.3108459
1,2,3,1,4,0,2,1,4,7,66.5,411.0264496,113.5974039
2,5,12,1,9,1,2,4,0,9,83.7,410.3327899,71.52628694
1,3,4,4,6,2,2,4,2,4,94.4,440.8991517,110.3108459
2,2,6,4,6,2,2,5,0,9,62.3,427.5065194,106.554188
1,9,5,5,8,1,2,0,4,3,82.7,451.5522029,89.33622132
1,2,3,3,9,1,2,2,5,7,77.5,220.8761869,64.7356604
1,3,4,1,10,0,2,2,2,2,74.5,406.252765,71.52628694
2,2,3,4,7,2,1,2,4,6,75.6,466.4038466,96.79696038
1,2,4,6,4,2,1,1,3,2,68.9,334.0730551,113.5974039
1,9,3,5,7,2,1,3,2,5,66.4,175.6777855,106.554188
2,7,8,1,6,2,2,4,1,6,86.1,322.5377849,93.94595065
2,2,6,5,6,0,2,5,5,7,86.7,253.1848485,127.4397297
2,3,5,2,9,0,2,1,1,3,94.5,262.9669355,96.13295825
1,2,2,2,9,2,1,3,1,4,90.6,699.9594317,82.92437534
1,2,7,5,8,0,2,5,5,10,86.8,324.7398367,59.12433069
2,2,5,2,6,2,2,6,2,3,60.4,166.2824342,107.0192611
1,2,4,1,7,2,2,5,0,6,78.3,185.494974,107.0192611
1,2,3,1,8,1,2,2,4,9,77.6,413.541148,372.933205
1,3,4,6,2,1,1,2,1,2,89.1,383.4034609,92.56137265
2,2,8,5,5,0,2,4,5,9,88.0,327.0074148,81.460788
1,2,6,5,9,0,2,5,5,5,78.6,360.3948293,161.7785752
1,2,4,5,8,1,2,3,4,3,70.6,258.2009172,106.554188
1,5,11,1,8,2,2,2,0,10,92.2,683.301721,59.12433069
1,9,3,5,6,2,2,2,1,5,78.6,360.3948293,161.7785752
1,7,3,6,3,2,1,7,1,2,47.0,358.4976159,87.80214462
2,2,6,5,8,1,2,5,5,2,90.7,284.5751886,110.3108459
1,2,8,4,8,1,2,2,2,3,64.4,126.4602794,112.8953553
1,3,7,6,8,2,2,2,1,5,87.5,347.5585172,89.33622132
1,2,8,6,8,0,1,5,3,3,87.0,174.7931458,87.80214462
1,8,8,5,9,2,2,5,5,6,75.9,501.9378699,112.8953553
1,3,2,1,9,2,1,8,1,3,69.6,203.7924603,112.8953553
1,3,7,5,9,1,2,1,1,8,86.6,416.2383848,78.28836493
1,7,3,1,5,2,2,6,4,9,90.2,489.3046499,59.12433069
1,2,3,4,7,2,2,2,3,1,77.0,308.6802522,110.3108459
1,2,2,1,7,0,1,2,2,4,52.0,380.0074949,75.01260027
1,7,3,1,7,2,2,2,1,3,61.1,154.7604152,127.4397297
0,2,2,3,9,0,2,2,3,3,49.3,165.0903549,106.554188
2,2,5,5,8,0,2,1,3,2,76.9,287.6973546,85.64933259
1,2,5,6,8,0,2,5,4,8,87.7,571.2292251,77.02625332
1,9,4,6,8,2,1,1,0,5,89.5,408.4313626,78.28836493
1,8,9,2,5,2,2,3,1,2,82.7,530.9984957,102.9492058
1,3,5,3,8,0,2,0,1,6,78.3,271.2329503,96.79696038
1,3,6,5,8,2,1,4,4,4,92.8,649.0194566,69.34413948
1,7,3,1,7,2,2,2,0,8,62.3,427.5065194,106.554188
2,3,1,4,6,1,2,1,1,3,94.4,356.0865478,87.80214462
2,2,7,5,8,2,2,5,4,3,63.8,310.18823,106.554188
1,3,2,4,4,2,2,8,0,8,78.1,766.6577967,77.02625332
1,2,3,1,6,0,1,2,4,3,87.6,224.5906916,121.6670744
1,2,8,5,6,0,2,5,5,7,95.8,335.5428836,64.10579525
1,2,3,1,5,0,1,5,5,9,99.1,273.946818,64.7356604
1,2,5,6,8,2,2,5,3,9,90.1,352.6802895,73.10062573
1,6,1,2,5,2,2,2,2,10,93.8,661.5517966,64.10579525
1,7,2,4,3,2,1,1,1,2,56.7,296.8690482,64.10579525
1,2,3,1,8,0,2,2,5,8,86.2,311.3581666,96.79696038
1,2,5,4,7,1,2,5,5,6,75.1,571.9267402,107.0192611
2,2,3,1,4,1,2,2,3,3,71.4,162.400739,113.5974039
0,6,2,3,7,2,2,2,0,4,69.6,203.7924603,112.8953553
1,7,5,6,7,1,2,0,0,4,90.6,699.9594317,82.92437534
1,7,6,6,6,2,1,2,1,2,93.7,557.6200615,73.74327005
2,3,5,5,8,2,2,1,1,4,28.8,234.7900967,112.8953553
2,2,3,1,7,0,2,2,4,6,80.1,521.6443942,82.92437534
1,2,4,3,8,2,2,2,3,3,94.5,358.2562765,110.3108459
2,2,5,4,5,2,1,1,2,1,81.6,280.3949863,121.6670744
1,2,5,5,8,1,1,5,0,6,93.8,244.2682691,64.46313682
1,2,5,4,10,1,2,4,5,6,89.9,380.3279303,87.80214462
1,2,4,1,8,1,2,5,5,6,38.4,336.0770795,372.933205
1,2,5,3,6,2,2,2,0,6,48.2,272.7341456,106.554188
1,2,3,1,7,1,2,2,3,3,76.4,435.2686482,85.64933259
1,2,3,3,3,2,1,6,2,6,89.3,326.460136,75.01260027
1,5,10,4,5,2,2,4,1,9,87.5,414.0255496,64.7356604
1,6,2,4,7,2,2,2,1,4,65.5,246.2140049,127.4397297
1,2,7,5,7,1,2,5,3,4,73.3,782.5918817,71.52628694
1,7,6,4,9,1,2,4,0,4,77.9,520.1480035,78.28836493
1,2,4,3,8,0,2,2,5,3,65.7,302.3541312,121.6670744
1,3,8,2,10,0,2,5,0,8,87.6,420.1673305,78.28836493
2,7,7,4,5,2,2,2,0,4,84.3,372.0255145,144.3589814
1,9,5,5,10,0,2,3,1,6,95.4,227.9297297,64.10579525
3,2,2,3,7,2,1,2,4,6,90.1,659.2398354,161.7785752
1,2,2,1,8,1,2,2,2,3,82.0,265.0720504,87.80214462
1,7,2,1,8,1,2,1,0,3,88.1,442.0001258,107.0192611
1,2,7,4,6,2,2,4,5,2,82.0,264.3229675,127.4397297
1,5,12,1,7,0,2,4,3,7,95.4,1209.203736,64.46313682
2,2,4,3,8,0,1,2,5,5,57.7,136.2703837,112.8953553
2,7,7,1,5,2,2,2,2,5,79.9,575.4568208,87.80214462
1,3,6,5,8,2,2,4,5,9,95.0,295.2547317,110.3108459
1,2,6,1,8,2,2,0,3,3,56.8,273.105102,93.94595065
1,9,4,5,10,0,2,2,3,6,73.4,377.6443238,69.34413948
1,2,3,1,7,1,2,5,0,10,92.9,452.5629203,64.10579525
1,9,9,2,5,2,2,5,2,2,87.7,477.3882784,89.33622132
1,3,3,4,7,2,2,2,0,5,85.5,234.4239849,113.5974039
1,2,4,1,8,0,1,2,5,9,57.5,167.3391426,106.554188
2,7,2,5,8,1,1,1,0,7,55.0,278.7920197,161.7785752
2,2,9,4,8,2,1,2,5,2,68.9,334.0730551,113.5974039
2,7,5,5,8,0,1,2,2,4,77.3,278.9395101,110.3108459
1,2,4,2,10,2,2,5,0,6,48.2,272.7341456,106.554188
1,3,5,1,6,1,2,2,2,3,86.7,689.917067,89.33622132
2,4,10,1,8,0,2,0,1,5,94.9,587.1728851,93.94595065
1,2,6,3,8,1,2,2,4,3,90.5,330.4398558,121.6670744
2,2,1,2,1,2,1,0,3,7,80.9,434.863926,78.28836493
2,2,7,5,9,1,1,5,5,9,81.6,424.4852207,78.28836493
1,5,11,1,7,2,1,4,2,7,95.2,722.9293734,61.22939836
1,2,6,4,8,0,2,5,4,2,82.2,288.5948053,110.3108459
1,3,2,4,2,2,0,7,1,2,67.8,879.1669964,87.80214462
3,2,3,3,4,2,2,2,0,4,75.3,303.8056881,93.94595065
1,2,4,4,1,2,0,2,3,5,82.0,258.8864942,77.02625332
1,6,2,2,5,2,2,5,3,8,48.3,225.3310232,75.01260027
1,2,7,5,7,2,2,5,5,4,89.9,241.9406364,110.3108459
1,6,2,4,6,2,2,8,2,6,32.8,240.7753592,161.7785752
1,3,4,4,5,2,2,3,2,3,63.5,175.9562495,106.554188
1,2,8,5,9,1,2,4,5,1,87.0,179.2713245,121.6670744
2,3,2,4,8,2,2,2,1,3,61.1,154.7604152,127.4397297
1,2,7,2,6,0,1,3,2,4,91.7,315.5258907,87.80214462
1,3,6,5,3,2,2,4,4,4,85.0,138.0746187,106.554188
1,2,6,5,7,1,2,6,5,2,64.5,269.8912839,121.6670744
1,2,6,4,7,2,1,2,3,4,56.6,198.3131996,112.8953553
1,5,12,4,7,2,2,4,1,8,92.4,846.0747864,61.22939836
1,6,4,3,5,2,2,2,0,3,82.9,314.3614614,87.80214462
2,2,3,3,8,0,2,2,2,2,83.2,318.9934915,102.9492058
1,9,7,5,8,0,2,5,0,9,93.8,372.4357116,64.46313682
1,9,7,6,7,1,1,3,2,2,86.7,620.0175106,96.79696038
2,5,13,4,10,0,1,3,1,2,86.7,620.0175106,96.79696038
1,3,8,2,8,0,2,5,5,10,92.1,411.9935609,69.34413948
1,2,4,1,8,0,2,5,5,6,78.3,271.2329503,96.79696038
1,2,4,3,7,1,1,2,4,2,62.5,228.9779782,127.4397297
2,2,3,1,8,0,1,2,3,6,62.2,315.4970591,73.74327005
2,6,5,5,8,2,2,2,2,6,78.3,271.2329503,96.79696038
2,3,6,3,4,2,2,4,3,7,70.4,204.7044497,161.7785752
2,2,3,5,8,1,1,1,2,3,57.7,138.2928694,112.8953553
1,2,6,4,7,2,2,2,3,3,63.2,217.5237737,121.6670744
2,2,7,1,8,2,1,5,5,7,64.4,181.6033787,106.554188
1,7,3,2,2,2,2,2,2,5,94.2,723.0452415,64.46313682
1,3,10,2,9,0,2,4,3,10,85.1,382.394133,77.02625332
1,2,5,6,7,1,2,5,5,4,87.2,186.6749724,96.79696038
2,2,4,1,10,1,2,5,5,3,72.1,164.2923192,106.554188
2,2,4,1,6,1,2,5,4,5,66.2,408.9015291,75.01260027
1,2,3,1,8,2,2,2,5,5,90.1,659.2398354,161.7785752
1,2,4,1,3,2,1,2,3,5,89.4,346.1284687,110.3108459
1,3,8,5,8,2,2,5,5,3,76.9,222.5971968,81.460788
1,9,3,2,10,0,2,6,1,8,93.9,331.8067901,78.28836493
1,6,2,3,7,1,2,2,1,4,75.3,303.8056881,93.94595065
1,3,5,3,8,2,2,3,1,6,28.8,234.7900967,112.8953553
1,6,4,1,9,2,1,5,5,9,63.7,281.3305854,112.8953553
1,2,3,3,6,2,2,2,5,3,84.8,363.8873428,110.3108459
1,3,5,5,5,2,2,2,3,4,92.0,360.0336794,82.92437534
1,8,7,4,9,2,1,1,1,4,65.5,197.9961132,127.4397297
1,2,2,1,8,2,1,2,5,8,85.7,622.7552683,144.3589814
1,2,4,5,6,2,2,5,5,3,85.9,387.7488934,96.79696038
1,2,6,5,8,0,1,5,0,9,82.9,317.4592347,59.12433069
1,2,3,5,7,1,2,2,0,6,74.4,195.0558595,113.5974039
2,2,6,5,9,0,2,2,4,2,79.1,280.8992149,93.94595065
1,2,6,4,8,2,2,5,5,6,91.0,823.9471287,89.33622132
1,3,8,5,7,2,2,4,5,2,86.5,219.2024218,127.4397297
1,2,5,5,7,2,2,4,3,9,94.3,279.5283645,59.12433069
2,3,2,4,6,1,2,7,1,5,78.6,360.3948293,161.7785752
1,9,7,2,4,2,2,6,1,7,91.7,336.1371803,69.34413948
2,2,6,4,6,0,2,2,3,8,66.2,230.5767612,75.01260027
2,7,6,2,8,2,0,3,1,5,78.8,233.5163089,121.6670744
1,9,6,5,9,0,1,5,4,4,92.5,371.730836,77.02625332
2,7,4,4,5,2,1,1,0,3,87.5,271.3382244,372.933205
1,2,5,5,8,1,0,5,5,3,68.2,215.1849939,106.554188
2,2,4,4,8,2,2,2,4,3,56.8,273.105102,93.94595065
1,3,9,4,5,2,0,3,1,2,92.4,475.1846112,89.33622132
1,2,10,2,8,0,2,4,4,9,85.7,248.8260142,71.52628694
1,2,3,3,8,2,2,2,3,4,52.2,157.773891,106.554188
1,2,6,1,6,1,1,2,4,7,95.2,722.9293734,61.22939836
1,9,5,5,7,2,2,5,5,9,87.5,414.0255496,64.7356604
2,7,6,5,1,2,1,1,1,2,79.8,247.2901421,87.80214462
1,2,8,1,3,2,1,3,4,8,92.8,428.3587502,64.7356604
1,2,3,2,8,2,2,5,3,9,94.3,279.5283645,59.12433069
1,3,7,2,7,2,1,5,0,8,89.2,385.5256861,89.33622132
2,7,5,4,7,2,2,2,1,5,39.5,247.7371591,89.33622132
1,2,8,5,8,0,2,4,5,10,94.7,232.5991209,64.7356604
1,2,9,4,9,0,2,5,5,4,79.7,174.7262071,69.34413948
1,4,3,1,8,1,2,5,4,3,91.4,419.7221256,96.13295825
1,5,10,1,8,2,1,4,2,8,94.3,381.3212717,69.34413948
2,8,4,4,5,2,2,3,1,2,71.8,213.9008596,107.0192611
1,6,2,4,5,2,1,2,0,2,70.5,171.9783644,107.0192611
3,3,2,3,7,1,1,2,3,4,56.6,198.3131996,112.8953553
1,2,6,1,7,2,0,2,3,3,76.4,435.2686482,85.64933259
